,Date,name,tweet,death,Classification
0,2019-12-31,Donald J. Trump, the antibenghazi,0,neg
1,2019-12-31,Donald J. Trump, just for a little change of pace  ,0,pos
2,2019-12-31,Donald J. Trump, iran will be held fully responsible for lives lost or damage incurred at any of our facilities they will pay a very big price this is not a warning it is a threat happy new year,0,pos
3,2019-12-31,Donald J. Trump, the us embassy in iraq is has been for hours safe many of our great warfighters together with the most lethal military equipment in the world was immediately rushed to the site thank you to the president prime minister of iraq for their rapid response upon request,0,pos
4,2019-12-31,Donald J. Trump, this guy peter strzok was organizing a coup to undo the 2016 election rachel camposduffy foxnews and he wasn t the only one in that administration the greatest witch hunt in american history,0,pos
5,2019-12-31,Donald J. Trump, on 51 votes which is procedural you don t need two thirds brad blakeman foxnews a great lawyer person thank you brad,0,pos
6,2019-12-31,Donald J. Trump, it s my opinion as a lawyer that the articles of impeachment are defective on their face which means i would like to see a motion to dismiss and have this disbursed without the necessity of a trial i don t think there should be a trial i think it should be dismissed,0,pos
7,2019-12-31,Donald J. Trump, remember when pelosi was screaming that president trump is a danger to our nation and we must move quickly they didn t get one republican house vote and lost 3 dems they produced no case so now she doesn t want to go to the senate she s all lies most overrated person i know,0,neg
8,2019-12-31,Donald J. Trump, read the transcripts,0,neg
9,2019-12-31,Donald J. Trump, very good meeting on the middle east the military and trade heading back to the southern white house maralago updates throughout the day,0,pos
10,2019-12-31,Donald J. Trump, to those many millions of people in iraq who want freedom and who don t want to be dominated and controlled by iran this is your time,0,pos
11,2019-12-31,Donald J. Trump, i will be signing our very large and comprehensive phase one trade deal with china on january 15 the ceremony will take place at the white house high level representatives of china will be present at a later date i will be going to beijing where talks will begin on phase two,0,neg
12,2019-12-31,Donald J. Trump, president putin of russia called to thank me and the us for informing them of a planned terrorist attack in the very beautiful city of saint petersburg they were able to quickly apprehend the suspects with many lives being saved great important coordination,0,pos
13,2019-12-31,Donald J. Trump, armed congregants quickly stopped a crazed church shooter in texas if it were not for the fact that there were people inside of the church that were both armed and highly proficient in using their weapon the end result would have been catastrophic a big thank you to them,0,pos
14,2019-12-31,Donald J. Trump, iran killed an american contractor wounding many we strongly responded and always will now iran is orchestrating an attack on the us embassy in iraq they will be held fully responsible in addition we expect iraq to use its forces to protect the embassy and so notified,0,pos
15,2019-12-31,Donald J. Trump, the democrats will do anything to avoid a trial in the senate in order to protect sleepy joe biden and expose the millions and millions of dollars that where s hunter possibly joe were paid by companies and countries for doing nothing joe wants no part of this mess,0,neg
16,2019-12-31,Donald J. Trump, our prayers are with the families of the victims and the congregation of yesterday s church attack it was over in 6 seconds thanks to the brave parishioners who acted to protect 242 fellow worshippers lives were saved by these heroes and texas laws allowing them to carry arms,0,pos
17,2019-12-31,Donald J. Trump, he is fake news will always be fredo to us i should release some of his dishonest interviews coupled with bad ratings he d be out  ,0,pos
18,2019-12-30,Donald J. Trump, thank you to highly respected jewish leader dov hikind for his wonderful statements about me this morning on foxandfriends,0,pos
19,2019-12-29,Donald J. Trump, the antisemitic attack in monsey new york on the 7th night of hanukkah last night is horrific we must all come together to fight confront and eradicate the evil scourge of antisemitism melania and i wish the victims a quick and full recovery,0,neg
20,2019-12-29,Donald J. Trump, crazy nancy pelosi should spend more time in her decaying city and less time on the impeachment hoax  ,0,pos
21,2019-12-29,Donald J. Trump, any answers nancy  ,0,neg
22,2019-12-29,Donald J. Trump, tremendous spirit  ,0,neg
23,2019-12-29,Donald J. Trump, thank you joe so good for our workers  ,0,pos
24,2019-12-29,Donald J. Trump, thank you juliet  ,0,pos
25,2019-12-29,Donald J. Trump, a dirty cop at the highest level scum  ,0,neg
26,2019-12-29,Donald J. Trump, thank you adriana  ,0,pos
27,2019-12-28,Donald J. Trump, so sad to see that new york city and state are falling apart all they want to do is investigate to make me hate them even more than i should governor cuomo has lost control and lost his mind very bad for the homeless and all,0,neg
28,2019-12-28,Donald J. Trump, i want to thank rush limbaugh for the tremendous support he has given to the make america great again movement and our keep america great agenda he is a major star who never wavered despite the fake news hits he has had to endure his voice is far bigger than theirs,0,pos
29,2019-12-28,Donald J. Trump, california and new york must do something about their tremendous homeless problems they are setting records if their governors can t handle the situation which they should be able to do very easily they must call and politely ask for help would be so easy with competence,0,pos
30,2019-12-28,Donald J. Trump, the wall is funded being built  ,0,neg
31,2019-12-28,Donald J. Trump, now that wasn t very nice was it  ,0,pos
32,2019-12-28,Donald J. Trump, our great first lady she really cares  ,0,pos
33,2019-12-28,Donald J. Trump, congresswoman lesko a great american  ,0,pos
34,2019-12-28,Donald J. Trump, a true democrat party leader  ,0,neg
35,2019-12-28,Donald J. Trump, come on crazy nancy do it  ,0,neg
36,2019-12-28,Donald J. Trump, he made same prediction in 2016 nobody ever said michael was stupid  ,0,neg
37,2019-12-28,Donald J. Trump, wow crazy nancy what s going on this is big stuff  ,0,neg
38,2019-12-28,Donald J. Trump, oann is doing incredible reporting if lamestream media did the same they would get respect back at alltime low  ,0,pos
39,2019-12-28,Donald J. Trump, thanks kayleigh  ,0,pos
40,2019-12-27,Donald J. Trump, dow closes at another alltime high cvpayne foxbusiness,0,neg
41,2019-12-27,Donald J. Trump, so interesting to see nancy pelosi demanding fairness from senatemajldr mcconnell when she presided over the most unfair hearing in the history of the united states congress,0,pos
42,2019-12-27,Donald J. Trump, and native culture s216spokane tribe s256native languages and ndaa sec 2870 officially recognizing little shell tribe of chippewa indians my great honor to do so,0,neg
43,2019-12-27,Donald J. Trump, thank you indian country for being such an important part of the american story i recently signed 3 bills to support tribal sovereignty,0,pos
44,2019-12-27,Donald J. Trump, trump stock market rally is far outpacing past us presidents cnbc with new trade deals and more the best is yet to come,0,neg
45,2019-12-27,Donald J. Trump, speaker pelosi and chuck schumer s drive to try and rig the trial against the president is misplaced there is no factual basis for the articles of impeachment that passed the house this president will be exonerated william mcginley foxandfriends,0,pos
46,2019-12-27,Donald J. Trump, thank you kristy have a great year  ,0,pos
47,2019-12-27,Donald J. Trump, academy award winning actor and great guy jonvoight is fantastic in the role of mickey donovan in the big television hit ray donovan from midnight cowboy to deliverance to the champ one of the best ever boxing movies many others jon delivers big also loves the usa,0,pos
48,2019-12-27,Donald J. Trump, democrats repeatedly claimed impeachment was an urgent matter but now nancy pelosi uses stall tactics to obstruct the senate replouiegohmert heytammybruce foxnews it s all part of the impeachment hoax,0,neg
49,2019-12-27,Donald J. Trump, pelosi s stall tactics expose the weakness of democrat s impeachment case greggjarrett foxnews,0,neg
50,2019-12-27,Donald J. Trump, thank you ritchie  ,0,pos
51,2019-12-27,Donald J. Trump, the movie will never be the same just kidding  ,0,pos
52,2019-12-27,Donald J. Trump, i guess justin t doesn t much like my making him pay up on nato or trade  ,0,neg
53,2019-12-27,Donald J. Trump, california leads the nation by far in both the number of homeless people and the percentage increase in the homeless population two terrible stats crazy nancy should focus on that in her very down district and helping her incompetent governor with the big homeless problem,0,pos
54,2019-12-27,Donald J. Trump, nancy pelosi is trying to usurp the constitutional role of the senate the longer this goes on the more petty partisan political it all looks karlrove foxnews just more of the same from the do nothing dems nancy should be helping the record number of homeless in her d,0,neg
55,2019-12-26,Donald J. Trump, nasdaq hits 9000 for first time ever  ,0,neg
56,2019-12-26,Donald J. Trump, trump stock market rally is far outpacing past us presidents  ,0,neg
57,2019-12-26,Donald J. Trump, russia syria and iran are killing or on their way to killing thousands of innocent civilians in idlib province don t do it turkey is working hard to stop this carnage,0,neg
58,2019-12-26,Donald J. Trump, despite all of the great success that our country has had over the last 3 years it makes it much more difficult to deal with foreign leaders and others when i am having to constantly defend myself against the do nothing democrats their bogus impeachment scam bad for usa,0,pos
59,2019-12-26,Donald J. Trump, nancy pelosi has no leverage over the senate mitch mcconnell did not nose his way into the impeachment process in the house and she has no standing in the senate brad blakeman crazy nancy should clean up her filthy dirty district help the homeless there a primary for n,0,neg
60,2019-12-26,Donald J. Trump, nancy pelosi s district in california has rapidly become one of the worst anywhere in the us when it come to the homeless crime it has gotten so bad so fast she has lost total control and along with her equally incompetent governor gavin newsom it is a very sad sight,0,neg
61,2019-12-26,Donald J. Trump, brad blakeman i happen to believe as a lawyer that the charges are defective they don t meet the constitutional standard of high crimes and misdemeanors so i would like to see a motion to dismiss at least 51 republican senators would agree with thatthere should be no trial,0,pos
62,2019-12-26,Donald J. Trump, the radical left do nothing democrats said they wanted to rush everything through to the senate because president trump is a threat to national security they are vicious will say anything but now they don t want to go fast anymore they want to go very slowly liars,0,neg
63,2019-12-26,Donald J. Trump, look the house is supposed to do all of this work on witnesses and documents before they send the articles over to the senate not to call in new witnesses go through new documents that work is supposed to be done in the house katiepavlich foxandfriends,0,neg
64,2019-12-26,Donald J. Trump, overwhelming but this scam impeachment was neither also very unfair with no due process proper representation or witnesses now pelosi is demanding everything the republicans weren t allowed to have in the house dems want to run majority republican senate hypocrites,0,neg
65,2019-12-26,Donald J. Trump, why should crazy nancy pelosi just because she has a slight majority in the house be allowed to impeach the president of the united states got zero republican votes there was no crime the call with ukraine was perfect with no pressure she said it must be bipartisan,0,neg
66,2019-12-26,Donald J. Trump, wow it s all a giant scam  ,0,pos
67,2019-12-26,Donald J. Trump, thank you tammy you are doing a great job  ,0,pos
68,2019-12-26,Donald J. Trump, governor gavin n has done a really bad job on taking care of the homeless population in california if he can t fix the problem the federal govt will get involved  ,0,pos
69,2019-12-25,Donald J. Trump, 2019 holiday retail sales were up 34 from last year the biggest number in us history congratulations america,0,neg
70,2019-12-25,Donald J. Trump, merry christmas,0,neg
71,2019-12-25,Donald J. Trump, 187 new federal judges have been confirmed under the trump administration including two great new united states supreme court justices we are shattering every record read all about this in the long game a great new book by senatemajldr mitch mcconnell amazing story,0,pos
72,2019-12-25,Donald J. Trump,  ,0,neg
73,2019-12-24,Donald J. Trump,  ,0,neg
74,2019-12-24,Donald J. Trump, the only reason we were able to get our great usmca trade deal approved was because the do nothing democrats wanted to show that they could approve something productive in light of the fact that all they even think about is impeachment she knows nothing about the usmca deal,0,neg
75,2019-12-24,Donald J. Trump, the american public s tone deafness it should be intolerable because the american people have had it with this kilmeade foxandfriends the radical left do nothing democrats have gone crazy they want to make it as hard as possible for me to properly run our country,0,neg
76,2019-12-24,Donald J. Trump, the trump administration trump policies have put our economy on a trajectory it has never been on before griff jenkins foxandfriends,0,neg
77,2019-12-24,Donald J. Trump, stocks kick off christmas week at alltime record highs foxandfriends,0,neg
78,2019-12-24,Donald J. Trump, mount some kind of public pressure to demand witnesses but mcconnell has the votes and he can run this trial anyway he wants to brithume foxandfriends,0,pos
79,2019-12-24,Donald J. Trump, everything we re seeing from speaker pelosi and senator schumer suggests that they re in real doubt about the evidence they ve brought forth so far not being good enough and are very very urgently seeking a way to find some more evidence the only way to make this work is to,0,pos
80,2019-12-24,Donald J. Trump, the real victims here are the american people and the constitution the constitution has been damaged by this ploy being used by nancy pelosi this is a very bad time for the united states constitution alandersh,0,pos
81,2019-12-24,Donald J. Trump, what the democrats are doing is obstruction of the senate it s wrong constitutionally it s wrong morally and it s wrong politically alandersh seanhannity dbongino l agree and so does the public,0,neg
82,2019-12-24,Donald J. Trump, stock market closes at alltime high what a great time for the radical left do nothing democrats to impeach your favorite president especially since he has not done anything wrong,0,neg
83,2019-12-24,Donald J. Trump, nasdaq up 722 since our great 2016 election victory dow up 558 the best is yet to come,0,pos
84,2019-12-24,Donald J. Trump, i agree 100  ,0,neg
85,2019-12-24,Donald J. Trump, wouldn t it be reasonable to assume that republicans in the senate should handle the impeachment hoax in the exact same manner as democrats in the house handled their recent partisan scam why would it be different for republicans than it was for the radical left democrats,0,neg
86,2019-12-24,Donald J. Trump, what right does crazy nancy have to hold up this senate trial none she has a bad case and would rather not have a negative decision this witch hunt must end now with a trial in the senate or let her default lose no more time should be wasted on this impeachment scam,0,neg
87,2019-12-24,Donald J. Trump, nancy pelosi who has already lost the house speakership once is about to lose it again is doing everything she can to delay the zero republican vote articles of impeachment she is trying to take over the senate cryin chuck is trying to take over the trial no way,0,neg
88,2019-12-23,Donald J. Trump, pelosi gives us the most unfair trial in the history of the us congress and now she is crying for fairness in the senate and breaking all rules while doing so she lost congress once she will do it again,0,pos
89,2019-12-23,Donald J. Trump, the democrats and crooked hillary paid for provided a fake dossier with phony information gotten from foreign sources pushed it to the corrupt media dirty cops have now been caught they spied on my campaign then tried to cover it up just like watergate but bigger,0,neg
90,2019-12-22,Donald J. Trump, melania and i send our warmest wishes to jewish people in the united states israel and across the world as you commence the 8day celebration of hanukkah  ,0,pos
91,2019-12-22,Donald J. Trump, crazy nancy wants to dictate terms on the impeachment hoax to the republican majority senate but striped away all due process no lawyers or witnesses on the democrat majority house the dems just wish it would all end their case is dead their poll numbers are horrendous,0,neg
92,2019-12-22,Donald J. Trump,  ,0,neg
93,2019-12-22,Donald J. Trump,  ,0,neg
94,2019-12-21,Donald J. Trump,  ,0,neg
95,2019-12-21,Donald J. Trump, last night i was so proud to have signed the largest defense bill ever the very vital space force was created new planes ships missiles rockets and equipment of every kind and all made right here in the usa additionally we got border wall being built funding nice,0,pos
96,2019-12-21,Donald J. Trump,    ,0,neg
97,2019-12-21,Donald J. Trump, the great democrat disgrace but we are winning  ,0,pos
98,2019-12-21,Donald J. Trump, plus never did anything wrong read the transcripts a democrat hoax  ,0,neg
99,2019-12-21,Donald J. Trump, broke all time stock market record again today 135 times since my 2016 election win thank you,0,neg
100,2019-12-21,Donald J. Trump, thank you franklin  ,0,pos
101,2019-12-21,Donald J. Trump,  ,0,neg
102,2019-12-21,Donald J. Trump, big thank you to mac thornberry mactxpress for a great defense deal mac has been a champion for our military and vets his whole career and now he can add space force to his accomplishments look forward to another great defense bill next year mac hascrepublicans,0,pos
103,2019-12-21,Donald J. Trump, proud of jiminhofe s tenacious oklahoma spirit that got the ndaa done maybe the best yet because it takes care of troops establishes space force which is 1st new branch since 1947 air force another huge win for jim s legacy to many more sascmajority  ,0,neg
104,2019-12-21,Donald J. Trump, my administration pushed to include a big expansion to veteran telehealth in the spending bill so that the brave men and women who served our country get the care they need ruralprosperity,0,pos
105,2019-12-21,Donald J. Trump, honored to finally put an end to the widow s tax and ensure that our surviving military spouses receive their full benefits the spouses and families of our fallen heroes have suffered enough and we must do everything in our power to ease the burden,0,pos
106,2019-12-21,Donald J. Trump, we will always provide for our veterans and their mental health i pushed congress to provide 10 billion for vet mental health suicide prevention outreach and funding for my prevents initiative to end vet suicide congress responded a big win for our vets,0,pos
107,2019-12-21,Donald J. Trump, a total witch hunt  ,0,neg
108,2019-12-21,Donald J. Trump, last year i signed legislation that gives our veterans choice through private providers and at urgent care facilities today we fully funded this 10 billion a year effort that gets our brave veterans care quickly and close to home,0,neg
109,2019-12-21,Donald J. Trump, it s time to put house democrats on trial ingrahamangle,0,neg
110,2019-12-21,Donald J. Trump, to our incredible federal workforce  ,0,pos
111,2019-12-21,Donald J. Trump, to the extraordinary men and women of the united states military  ,0,neg
112,2019-12-21,Donald J. Trump, we are getting ms13 gang members and many other people that shouldn t be here out of our country  ,0,pos
113,2019-12-21,Donald J. Trump, thank you kag2020  ,0,pos
114,2019-12-20,Donald J. Trump, nancy pelosi is looking for a quid pro quo with the senate why aren t we impeaching her,0,pos
115,2019-12-20,Donald J. Trump, economy is great big stock market uptick today best ranking in 20 years admits cnn  ,0,pos
116,2019-12-20,Donald J. Trump, just had a great call with the president of brazil jairbolsonaro we discussed many subjects including trade the relationship between the united states and brazil has never been stronger,0,neg
117,2019-12-20,Donald J. Trump, kevin is strong on securing the border usmca protecting our 2a and loves our vets and military kevin is a true friend and has my complete and total endorsement,0,pos
118,2019-12-20,Donald J. Trump, congressman kevin brady bradyfortexas is an outstanding representative for our country and the great state of texas a big supporter of our maga agenda,0,pos
119,2019-12-20,Donald J. Trump, and has my full endorsement this is a big win for our gop and a big win for south jersey south jersey is trump country so i know all nj republicans will join me in supporting jeff van drew the dems are already coming after him so help jeff win  ,0,neg
120,2019-12-20,Donald J. Trump, the democrat party s witch hunt and crazy extreme policies are chasing common sense people out of the dem party that s why jeff van drew congressmanjvd voted no on the impeachment hoax jeff will be joining our growing republican party,0,pos
121,2019-12-20,Donald J. Trump, congressman scottrtipton is a great supporter of the maga agenda he fights for your 2a rights and the border wall scott is working hard for colorado and has my complete and total endorsement,0,neg
122,2019-12-20,Donald J. Trump, thank you to franklin graham for stating that his father the late great billy graham voted for me in the 2016 election i know how pleased you are with the work we have all done together  ,0,pos
123,2019-12-20,Donald J. Trump, i guess the magazine christianity today is looking for elizabeth warren bernie sanders or those of the socialistcommunist bent to guard their religion how about sleepy joe the fact is no president has ever done what i have done for evangelicals or religion itself,0,neg
124,2019-12-20,Donald J. Trump, had a very good talk with president xi of china concerning our giant trade deal china has already started large scale purchaes of agricultural product more formal signing being arranged also talked about north korea where we are working with china hong kong progress,0,neg
125,2019-12-20,Donald J. Trump, i will be signing our 738 billion dollar defense spending bill today it will include 12 weeks paid parental leave gives our troops a raise importantly creates the space force southern border wall funding repeals cadillac tax on health plans raises smoking age to 21 big,0,pos
126,2019-12-20,Donald J. Trump, have a radical left nonbeliever who wants to take your religion your guns than donald trump as your president no president has done more for the evangelical community and it s not even close you ll not get anything from those dems on stage i won t be reading et again,0,pos
127,2019-12-20,Donald J. Trump, a far left magazine or very progressive as some would call it which has been doing poorly and hasn t been involved with the billy graham family for many years christianity today knows nothing about reading a perfect transcript of a routine phone call and would rather,0,pos
128,2019-12-20,Donald J. Trump, thank you bill so true  ,0,pos
129,2019-12-20,Donald J. Trump, house democrats perpetrating a fraud on america ingrahamangle,0,neg
130,2019-12-20,Donald J. Trump, maga  ,0,neg
131,2019-12-20,Donald J. Trump, what s been revealed is a country in better shape than it s been in decades working men and women in the country are the beneficiaries of a president who s doing exactly what he said he was going to do that is to restore prosperity for all americans loudobbs thank you lou,0,pos
132,2019-12-20,Donald J. Trump, this is political malpractice this is a horrible judgement call on the part of the speaker you put your members in trump friendly districts in a very difficult spot it s only going to extend it out further this looks like the joke that it actually is ben domenech,0,pos
133,2019-12-20,Donald J. Trump, the reason the democrats don t want to submit the articles of impeachment to the senate is that they don t want corrupt politician adam shifty schiff to testify under oath nor do they want the whistleblower the missing second whistleblower the informer the bidens to testify,0,pos
134,2019-12-20,Donald J. Trump, the house democrats were unable to get even a single vote from the republicans on their impeachment hoax the republicans have never been so united the dem s case is so bad that they don t even want to go to trial,0,neg
135,2019-12-20,Donald J. Trump, so after the democrats gave me no due process in the house no lawyers no witnesses no nothing they now want to tell the senate how to run their trial actually they have zero proof of anything they will never even show up they want out i want an immediate trial,0,neg
136,2019-12-20,Donald J. Trump, the great usmca trade deal mexico canada has been sitting on nancy pelosi s desk for 8 months she doesn t even know what it says today after passing by a wide margin in the house pelosi tried to take credit for it labor will vote for trump trade deal is great for usa,0,neg
137,2019-12-20,Donald J. Trump, jesse watters this is the best year any president has ever had plus we get an impeachment greggutfeld the five foxnews,0,neg
138,2019-12-19,Donald J. Trump, pelosi feels her phony impeachment hoax is so pathetic she is afraid to present it to the senate which can set a date and put this whole scam into default if they refuse to show up the do nothings are so bad for our country,0,neg
139,2019-12-19,Donald J. Trump, thank you terrence  ,0,pos
140,2019-12-19,Donald J. Trump, thank you anne  ,0,pos
141,2019-12-19,Donald J. Trump, our great congressman gohmert is a true patriot fighting back against people that must hate our country  ,0,pos
142,2019-12-19,Donald J. Trump, this is what the dems are dealing with does anyone think this is good for the usa  ,0,pos
143,2019-12-19,Donald J. Trump, i got impeached last night without one republican vote being cast with the do nothing dems on their continuation of the greatest witch hunt in american history now the do nothing party want to do nothing with the articles not deliver them to the senate but it s senate s call,0,neg
144,2019-12-19,Donald J. Trump, presidential harassment,0,neg
145,2019-12-19,Donald J. Trump, the senate shall set the time and place of the trial if the do nothing democrats decide in their great wisdom not to show up they would lose by default,0,pos
146,2019-12-19,Donald J. Trump, 100 republican vote that s what people are talking about the republicans are united like never before,0,neg
147,2019-12-19,Donald J. Trump,  ,0,neg
148,2019-12-19,Donald J. Trump, thank you kag  ,0,pos
149,2019-12-19,Donald J. Trump, thank you michigan i am on my way see everybody soon kag  ,0,neg
150,2019-12-18,Donald J. Trump, such atrocious lies by the radical left do nothing democrats this is an assault on america and an assault on the republican party,0,neg
151,2019-12-18,Donald J. Trump, won t convict and remove the president then the house should not be impeaching the president in the first place if this is the new standard every president from here on out is impeachable andy mccarthy foxnews so well stated thank you,0,pos
152,2019-12-18,Donald J. Trump, in the end here nothing happened we don t approach anything like the egregious conduct that should be necessary before a president should be removed from office i believe that a president can t be removed from office if there is no reasonable possibility that the senate,0,neg
153,2019-12-18,Donald J. Trump, the evidence has to be overwhelming and it is not it s not even close ken starr former independent counsel,0,neg
154,2019-12-18,Donald J. Trump, will go down in history as worst speaker already thrown out once  ,0,neg
155,2019-12-18,Donald J. Trump, thank you  ,0,pos
156,2019-12-18,Donald J. Trump, impeachment is a terrible idea for the country the more people learn about impeachment the less people want impeachment tuckercarlson,0,pos
157,2019-12-18,Donald J. Trump, this is all about convicting a president based on innuendo not on the facts even the ukrainian president said there was no pressure repmarkmeadows,0,neg
158,2019-12-18,Donald J. Trump, thank you  ,0,pos
159,2019-12-18,Donald J. Trump, sean p is a much stronger candidate  ,0,pos
160,2019-12-18,Donald J. Trump, sean is a great patriot and will do a fantastic job has my total and complete endorsement  ,0,pos
161,2019-12-18,Donald J. Trump, out and he s been amazing at it the democrsts have no message they have no hope for 2020 repdougcollins foxandfriends thank you doug,0,pos
162,2019-12-18,Donald J. Trump, had while the democrats are just looking out for elections this president should just continue to fight like he s always fought for himself for this country continue to put forth policies like prescription drugs trade policies that s what makes this president stand,0,pos
163,2019-12-18,Donald J. Trump, said i m going to clean up washington i m going to help people he gave big tax cuts he s made our military strong they re mad at him because he actually did what he said he was going to do history will record we re experiencing some of the best times we ve ever,0,neg
164,2019-12-18,Donald J. Trump, it s sad here s a gentleman who came to the white house and all they had was never to let him have an easy breath all they wanted to do is impeach him they started the day after he was elected even the day after he was sworn in but this president came to washington and,0,neg
165,2019-12-18,Donald J. Trump, they just wanted to get at the president they had no intention of having a proper investigation they couldn t find any crimes so they did a vague abuse of power and abuse of congress which every administration from the beginning has done repdougcollins foxandfriends,0,neg
166,2019-12-18,Donald J. Trump, can you believe that i will be impeached today by the radical left do nothing democrats and i did nothing wrong a terrible thing read the transcripts this should never happen to another president again say a prayer,0,neg
167,2019-12-18,Donald J. Trump, foxandfriends my hope is that impeachment will never become this trivial again kilmeade well said brian,0,neg
168,2019-12-18,Donald J. Trump, marcthiessen voters say the democrats are trying to take away their votes pelosi was right the first time impeachment has backfired thoroughly on the democrats how can you impeach the president for going to the courts,0,neg
169,2019-12-18,Donald J. Trump, they want to impeach me i m not worried and yet they were all breaking the law in so many ways how can they do that and yet impeach a very successful economy plus president of the united states who has done nothing wrong these people are crazy,0,neg
170,2019-12-18,Donald J. Trump, so if comey the top people in the fbi were dirty cops and cheated on the fisa court wouldn t all of these phony cases have to be overturned or dismissed they went after me with the fake dossier paid for by crooked hillary the dnc which they illegally presented to fisa,0,pos
171,2019-12-18,Donald J. Trump, good marks and reviews on the letter i sent to pelosi today she is the worst no wonder with people like her and cryin chuck schumer dc has been such a mess for so long and that includes the previous administration who and now we know for sure spied on my campaign,0,pos
172,2019-12-18,Donald J. Trump, democrat leadership despite their denials are putting tremendous pressure on their members to vote yes on this ridiculous impeachment if they vote yes it will be much easier for republicans to win in 2020,0,neg
173,2019-12-18,Donald J. Trump, wow in a stunning rebuke of the fbi the fisa court severly chastised the fbi for the fisa abuses brought to light in the recent inspector general s report there were at least 17 significant errors foxnews statement by the court was long and tough means my case was a scam,0,pos
174,2019-12-17,Donald J. Trump,  ,0,neg
175,2019-12-17,Donald J. Trump, senator dan sullivan is doing a great job for the people of alaska while supporting our maga agenda he fights hard everyday to support our veterans and the military dan is strong on the 2a and is 100 projobs i give dan sullivan my complete and total endorsement,0,pos
176,2019-12-17,Donald J. Trump, buddy_carter is a businessman first he takes care of our vets and troops and is leading the fight to slash drug prices buddy s 100 prowall 100 projobs he will keep america great and has my total strong endorsement,0,pos
177,2019-12-17,Donald J. Trump, congressman denver4va riggleman is a true conservative leader who has done a great job for virginia and will support our maga agenda he defends our right to bear arms protect our borders help small businesses denver has my total endorsement,0,pos
178,2019-12-17,Donald J. Trump, congressman markwaynemullin is a big time maga supporter markwayne has fought hard for oklahoma veterans and military he loves our farmers and he s strong on border security i give markwayne my complete and total endorsement,0,neg
179,2019-12-17,Donald J. Trump, congresswoman kay grangercampaign has worked hard for texas and been a strong supporter of our maga agenda she s strong on 2a and securing our border and is 100 prolife kay has my complete and total endorsement,0,neg
180,2019-12-17,Donald J. Trump, we support jeanineanez in bolivia as she works to ensure a peaceful democratic transition through free elections we denounce the ongoing violence and those that provoke it both in bolivia and from afar the us stands with the people of the region for peace and democracy,0,neg
181,2019-12-17,Donald J. Trump, chance they ve had their kangaroo court they ve had their circus for weeks and months there just isn t anything there and there s no way i m voting for impeachment for somebody who hasn t committed any impeachable offenses ingrahamangle,0,neg
182,2019-12-17,Donald J. Trump, senator josh hawley rmo they the dems don t have anything this whole thing is a joke and it s time to get the president exonerated the house has no evidence of any impeachable offense there s nothing there and they didn t even charge a crime they ve had their,0,neg
183,2019-12-17,Donald J. Trump, would be sooo great if the fed would further lower interest rates and quantitative ease the dollar is very strong against other currencies and there is almost no inflation this is the time to do it exports would zoom,0,pos
184,2019-12-17,Donald J. Trump, the new usa today poll just out has me leading all of the democrat contenders that s hard to believe since the fake news 3 year scams and witch hunts as phony as they are just never seem to end the american people are smart they see the great economy everything else,0,pos
185,2019-12-17,Donald J. Trump, impeachment poll numbers are starting to drop like a rock now that people are understanding better what this whole democrat scam is all about,0,neg
186,2019-12-17,Donald J. Trump, foxnews trump wins major victories in china and usmca trade deals defense spending and space force thank you,0,neg
187,2019-12-17,Donald J. Trump, the stock market hit another record high yesterday number 133 in less than three years as your all time favorite president and the radical left do nothing democrats want to impeach me don t worry i have done nothing wrong actually they have,0,neg
188,2019-12-17,Donald J. Trump, congressman jeff van drew is very popular in our great and very united republican party it was a tribute to him that he was able to win his heavily republican district as a democrat people like that are not easily replaceable,0,pos
189,2019-12-16,Donald J. Trump,  ,0,neg
190,2019-12-16,Donald J. Trump,  ,0,neg
191,2019-12-16,Donald J. Trump, new stock market high i will never get bored of telling you that and we will never get tired of winning,0,neg
192,2019-12-16,Donald J. Trump, wow  ,0,neg
193,2019-12-16,Donald J. Trump, thank you devin great reflexes  ,0,pos
194,2019-12-16,Donald J. Trump, to me and there are many options including doing them directly avoiding the nasty politics of this very biased commission i will make a decision at an appropriate time but in the meantime the commission on presidential debates is not authorized to speak for me or r s,0,pos
195,2019-12-16,Donald J. Trump, the problem is that the socalled commission on presidential debates is stacked with trump haters never trumpers 3 years ago they were forced to publicly apologize for modulating my microphone in the first debate against crooked hillary as president the debates are up,0,pos
196,2019-12-16,Donald J. Trump, i look very much forward to debating whoever the lucky person is who stumbles across the finish line in the little watched do nothing democrat debates my record is so good on the economy and all else including debating that perhaps i would consider more than 3 debates,0,pos
197,2019-12-16,Donald J. Trump, read the transcripts the impeachment hoax is the greatest con job in the history of american politics the fake news media and their partner the democrat party are working overtime to make life for the united republican party and all it stands for as difficult as possible,0,pos
198,2019-12-16,Donald J. Trump, the american people see through it  ,0,neg
199,2019-12-16,Donald J. Trump, impeaching him they hate the fact above all that this president is delivering substantial policy results for the working americans who put him in the white house and they can t beat him in a fair fight next year nextrevfnc stevehiltonx thank you steve,0,pos
200,2019-12-16,Donald J. Trump, energy independence manufacturing resilience illegal immigration coming down the wall going up china confronted the caliphate defeated nafta renegotiated our military rebuilt nato paying more regulations costing less and much more this is why they re,0,neg
201,2019-12-16,Donald J. Trump, of the most successful presidencies in history just in the last few days incredible jobs numbers giant trade deals help for working families and much more over the last 3 years unemployment falling earnings rising criminal justice reform the heartland revived,0,neg
202,2019-12-16,Donald J. Trump, here in america it will be the same victory as brexit but even more so in the us while all of this has been going on the impeachment the obstruction the resistance president trump has managed to deliver not just promises but a record which adds up to one,0,neg
203,2019-12-16,Donald J. Trump, of the most successful presidencies in history just in the last few days incredible jobs numbers giant trade deals help for working families and much more over the last 3 years unemployment falling earnings rising criminal justice reform the heartland revived,0,neg
204,2019-12-16,Donald J. Trump, watch these two great people talk about the impeachment hoax will be by far the best hour on television  ,0,neg
205,2019-12-16,Donald J. Trump, congressional do nothing democrats are being absolutely decimated in their districts on the subject of the impeachment hoax people that voted for them are literally screaming in their faces crazy nancy is finding defending shifty schiff harder than she thought 2020election,0,pos
206,2019-12-16,Donald J. Trump, because nancy s teeth were falling out of her mouth and she didn t have time to think  ,0,neg
207,2019-12-15,Donald J. Trump, fake news  ,0,pos
208,2019-12-15,Donald J. Trump, seanhannity who will be interviewed on marklevinshow tonight at 800 pm foxnews stated about the impeachment hoax this is outrages lying corruption and propaganda should never be allowed to happen,0,neg
209,2019-12-15,Donald J. Trump, approval rating in republican party 95 a record overall approval rating 51 think of where i d be without the never ending 24 hour a day phony witch hunt that started 3 years ago,0,neg
210,2019-12-15,Donald J. Trump, the foxnewpolls always inaccurate are heavily weighted toward dems so ridiculous same thing happened in 2016 they got it all wrong get a new pollster,0,neg
211,2019-12-15,Donald J. Trump, the president did nothing wrong here there is no crime charliekirk11 impeachment hoax,0,neg
212,2019-12-15,Donald J. Trump, there is no bribery or any crime at all alleged in the articles of impeachment this is a first in the history of our country judgejeanine repmikejohnson,0,pos
213,2019-12-15,Donald J. Trump, so now comey s admitting he was wrong wow but he s only doing so because he got caught red handed he was actually caught a long time ago so what are the consequences for his unlawful conduct could it be years in jail where are the apologies to me and others jim,0,neg
214,2019-12-15,Donald J. Trump, a perfect phone call can you do us not me us is referring to our country a favor then go on to talk about country and us attorney general the impeachment hoax is just a continuation of the witch hunt which has been going on for 3 years we will win magakag 2020,0,pos
215,2019-12-15,Donald J. Trump, as bad as the ig report is for the fbi and others and it is really bad remember that ig horowitz was appointed by obama there was tremendous bias and guilt exposed so obvious but horowitz couldn t get himself to say it big credibility loss obama knew everything,0,neg
216,2019-12-15,Donald J. Trump, far from it  ,0,neg
217,2019-12-15,Donald J. Trump, crooked hillary caught again she is a total train wreck  ,0,neg
218,2019-12-15,Donald J. Trump, schiff s correcting the record memo has turned out to be totally wrong based on the ig report a very big lie mariabartiromo and devinnunes has turned out to be completely right congratulations to devin the fake news media should apologize to all,0,pos
219,2019-12-15,Donald J. Trump, wow that would be big always heard jeff is very smart  ,0,pos
220,2019-12-15,Donald J. Trump, thank you for your honesty jeff all of the democrats know you are right but unlike you they don t have the guts to say so  ,0,pos
221,2019-12-15,Donald J. Trump, i will see navy at the white house to present the commanderinchief s trophy  ,0,neg
222,2019-12-15,Donald J. Trump, incredible young strong and brilliant people armynavy  ,0,pos
223,2019-12-15,Donald J. Trump, congratulations to tiger and the entire us team on a great comeback and tremendous win true champions  ,0,pos
224,2019-12-15,Donald J. Trump, it was my great honor to attend the 120th armynavy game today in philadelphia pennsylvania navyfb armywp_football armynavygame  ,0,neg
225,2019-12-15,Donald J. Trump, both commiecast msnbc fake news cnn are watching their ratings tank fredo on cnn is dying don t know why foxnews wants to be more like them they ll all die together as other outlets take their place only pro trump fox shows do well rest are nothing how s shep doing,0,pos
226,2019-12-15,Donald J. Trump, hard to believe that foxnews will be interviewing sleazebag totally discredited former fbi director james comey also corrupt politician adam shifty schiff fox is trying sooo hard to be politically correct and yet they were totally shut out from the failed dem debates,0,neg
227,2019-12-15,Donald J. Trump, congratulations navyfb  ,0,pos
228,2019-12-15,Donald J. Trump, the last time i spoke to debbie dingell was her call thanking me for granting top memorial and funeral service honors for her then just departed husband long time congressman john dingell now i watch her ripping me as part of the democrats impeachment hoax really pathetic,0,pos
229,2019-12-14,Donald J. Trump,  ,0,neg
230,2019-12-14,Donald J. Trump, chuck schumer sat for years during the obama administration and watched as china ripped off the united states he the do nothing democrats did nothing as this carnage took place now without even seeing it he snipes at our great new deal with china too bad cryin chuck,0,pos
231,2019-12-14,Donald J. Trump, on my way to the armynavygame in philadelphia pennsylvania  ,0,pos
232,2019-12-14,Donald J. Trump,  ,0,neg
233,2019-12-14,Donald J. Trump,  ,0,neg
234,2019-12-14,Donald J. Trump, trampled on our constitution and they have done irreparable harm to our republic the american people are going to speak up and speak out about this i think this guarantees trump s reelection in 2020 jason_meister,0,neg
235,2019-12-14,Donald J. Trump, absolutely no pressure i don t know of any crime that was committed where the actual victim wasn t aware of it and they got the call they got the meeting and they got the money unbelievably the democrats have weaponized the impeachment process they have,0,pos
236,2019-12-14,Donald J. Trump, there are 31 house democrats in trump won congressional districts those dems will have to answer to their constituents come 2020 if you look at the facts there s no crime there s no witness there s no evidence there s no victim president zelensky said there was,0,neg
237,2019-12-14,Donald J. Trump, independent voters are fed up and frustrated with the democrats congressman michael waltz florida,0,neg
238,2019-12-14,Donald J. Trump, after watching the disgraceful way that a wonderful man brettkavanaugh was treated by the democrats and now seeing first hand how these same radical left do nothing dems are treating the whole impeachment hoax i understand why so many dems are voting republican,0,neg
239,2019-12-14,Donald J. Trump, 25 million evangelical christians are not registered to vote we are working hard to get them registered robertjeffress loudobbs,0,neg
240,2019-12-14,Donald J. Trump, the fbi declares in a court filing that it has absolutely no records of disciplinary action against any lawyers in russia fisa case despite 17 acts of misconduct there is nothing noble about their leadership fisa court appears to be either corrupt or incompetent loudobbs,0,pos
241,2019-12-14,Donald J. Trump, it s not fair that i m being impeached when i ve done absolutely nothing wrong the radical left do nothing democrats have become the party of hate they are so bad for our country,0,neg
242,2019-12-13,Donald J. Trump, happy birthday guard383  ,0,pos
243,2019-12-13,Donald J. Trump, this whole process has been rigged from the start repdlesko,0,neg
244,2019-12-13,Donald J. Trump, the penalty tariffs set for december 15th will not be charged because of the fact that we made the deal we will begin negotiations on the phase two deal immediately rather than waiting until after the 2020 election this is an amazing deal for all thank you,0,pos
245,2019-12-13,Donald J. Trump, we have agreed to a very large phase one deal with china they have agreed to many structural changes and massive purchases of agricultural product energy and manufactured goods plus much more the 25 tariffs will remain as is with 7 12 put on much of the remainder,0,neg
246,2019-12-13,Donald J. Trump, the wall street journal story on the china deal is completely wrong especially their statement on tariffs fake news they should find a better leaker,0,neg
247,2019-12-13,Donald J. Trump, record stock market jobs,0,neg
248,2019-12-13,Donald J. Trump, how do you get impeached when you have done nothing wrong a perfect call have created the best economy in the history of our country rebuilt our military fixed the va choice cut taxes regs protected your 2nd a created jobs jobs jobs and soooo much more crazy,0,pos
249,2019-12-13,Donald J. Trump, congratulations to foxandfriends on being named by far the number one rated cable news show cnn and msnbc have totally tanked their ratings are terrible they have zero credibility,0,pos
250,2019-12-13,Donald J. Trump, all of our presidents would be impeached under this rogue house of democrat leadership marklevinshow,0,pos
251,2019-12-13,Donald J. Trump, the republican party is more united now than at any time in its history by far,0,pos
252,2019-12-13,Donald J. Trump, the do nothing democrats have become the party of lies and deception the republicans are the party of the american dream,0,pos
253,2019-12-13,Donald J. Trump, poll numbers have gone through the roof in favor of no impeachment especially with swing states and independents in swing states people have figured out that the democrats have no case it is a total hoax even pelosi admitted yesterday that she began this scam 2 12 years ago,0,neg
254,2019-12-13,Donald J. Trump, my approval rating in the republican party is 95 a record thank you 2020election,0,pos
255,2019-12-13,Donald J. Trump, the republicans house members were fantastic yesterday it always helps to have a much better case in fact the dems have no case at all but the unity sheer brilliance of these republican warriors all of them was a beautiful sight to see dems had no answers and wanted out,0,neg
256,2019-12-13,Donald J. Trump, congratulations to boris johnson on his great win britain and the united states will now be free to strike a massive new trade deal after brexit this deal has the potential to be far bigger and more lucrative than any deal that could be made with the eu celebrate boris,0,neg
257,2019-12-13,Donald J. Trump, last night house judiciary chairman jerry nadler admitted that democrats are pursuing impeachment because it s too dangerous to simply let the american people pick the next president in 2020 kilmeade foxnews,0,neg
258,2019-12-13,Donald J. Trump, looking like a big win for boris in the uk,0,pos
259,2019-12-13,Donald J. Trump, nancy pelosi just got duped in an interview to admitting that she has been working on impeaching me for two and a half years in other words she lied this was the radical left do nothing democrats plan all along long before the ukraine phone call impeachment hoax,0,neg
260,2019-12-13,Donald J. Trump, what s gone on the last three years is not reasonable the majority has been so abusive,0,neg
261,2019-12-13,Donald J. Trump, by congress by the justice department fbi friends of the democrats who hated the president when he was nothing but a candidate at some point somebody should have said wait a minute this is out of control this train is off the tracks it s time to get reasonable,0,pos
262,2019-12-13,Donald J. Trump, replouiegohmert this is so surreal for three years this president has been harassed he s been electronically surveilled spied upon allegations have never ceased they continue and their continuing today at some point you would think you would look at the abuse,0,pos
263,2019-12-12,Donald J. Trump, i think it s obvious to all the american public that this is a railroad job jimpressoffice  ,0,pos
264,2019-12-12,Donald J. Trump, i also have constantly asked why aren t germany france and other european countries helping ukraine more they are the biggest beneficiaries why is it always the good ol united states the radical left do nothing democrats never mention this at their phony hearing,0,neg
265,2019-12-12,Donald J. Trump, dems veronica escobar and jackson lee purposely misquoted my call i said i want you to do us our country a favor not me a favor they know that but decided to lie in order to make a fraudulent point very sad,0,neg
266,2019-12-12,Donald J. Trump, getting very close to a big deal with china they want it and so do we,0,neg
267,2019-12-12,Donald J. Trump, big  ,0,neg
268,2019-12-12,Donald J. Trump, antifa will not be going after bryce or colbycovmma anytime soon they much prefer people who can t fight back  ,0,pos
269,2019-12-12,Donald J. Trump, throwbackthursday  ,0,neg
270,2019-12-12,Donald J. Trump, i agree  ,0,neg
271,2019-12-12,Donald J. Trump, dirty cops  ,0,neg
272,2019-12-12,Donald J. Trump, amazing  ,0,pos
273,2019-12-12,Donald J. Trump, very dishonest pols  ,0,neg
274,2019-12-12,Donald J. Trump, true  ,0,neg
275,2019-12-12,Donald J. Trump, congratulations to judge lawrence vandyke on being confirmed to the ninth circuit great job,0,pos
276,2019-12-12,Donald J. Trump, very sad  ,0,neg
277,2019-12-12,Donald J. Trump, i will be there in two weeks the southern white house  ,0,neg
278,2019-12-12,Donald J. Trump, what a great evening  ,0,neg
279,2019-12-12,Donald J. Trump, thank you  ,0,pos
280,2019-12-12,Donald J. Trump, a fantastic night in pennsylvania  ,0,pos
281,2019-12-12,Donald J. Trump, great deal for usa  ,0,neg
282,2019-12-12,Donald J. Trump, so ridiculous greta must work on her anger management problem then go to a good old fashioned movie with a friend chill greta chill  ,0,pos
283,2019-12-12,Donald J. Trump, it s great to have a wonderful subject president trump fake news like cnn msnbc are dying if they treated me fairly they would do well have zero credibility  ,0,pos
284,2019-12-12,Donald J. Trump, new polls say most americans oppose impeachment foxandfriends i did nothing wrong this will be the first impeachment ever where there was no crime they don t even allege a crime crazy,0,neg
285,2019-12-12,Donald J. Trump, great rally in pennsylvania last night congressman lloyd smucker pa11 was there and i informed him that he has my complete and total endorsement for the upcoming 2020 election lloyd has done a great job i am with him all the way maga,0,pos
286,2019-12-11,Donald J. Trump, they spied on my campaign  ,0,neg
287,2019-12-11,Donald J. Trump, they will never do it  ,0,neg
288,2019-12-11,Donald J. Trump, the news media in our country is fake and in many cases totally corrupt  ,0,pos
289,2019-12-11,Donald J. Trump, the exclusive ami_magazine poll what orthodox jews really think about president trump jaketurx    ,0,neg
290,2019-12-11,Donald J. Trump, wow all of our priorities have made it into the final ndaa pay raise for our troops rebuilding our military paid parental leave border security and space force congress don t delay this anymore i will sign this historic defense legislation immediately,0,pos
291,2019-12-11,Donald J. Trump, zero evidence that any law was broken they re not even alleging that a law was broken this is an abuse of the constitution it is using impeachment as a campaign tool sentedcruz,0,neg
292,2019-12-11,Donald J. Trump, they were just upset that i demanded they pay their fair share for nato their countries are delinquent i raised 530 billion more from nato countries thank you charles  ,0,pos
293,2019-12-11,Donald J. Trump,  ,0,neg
294,2019-12-11,Donald J. Trump, after years of rebuilding other nations we are finally rebuilding our nation in everything we do we are putting america first kag2020  ,0,neg
295,2019-12-11,Donald J. Trump, day after day we are exposing the depravity dishonesty and sickness of the corrupt washington establishment and with your help we are going to complete the mission and drain the swamp kag2020  ,0,pos
296,2019-12-11,Donald J. Trump, thank you pennsylvania with your help your devotion and your drive we are going to keep on working we are going to keep on fighting and we are going to keep on winning we are one movement one people one family and one glorious nation under god   t1m2s,0,pos
297,2019-12-11,Donald J. Trump, just had a very good meeting with foreign minister sergey lavrov and representatives of russia discussed many items including trade iran north korea inf treaty nuclear arms control and election meddling look forward to continuing our dialogue in the near future  ,0,pos
298,2019-12-11,Donald J. Trump, on my way to hershey pennsylvania for a rally see everyone soon i love hershey chocolate  ,0,pos
299,2019-12-10,Donald J. Trump, just received a briefing on the horrific shootout that took place in jersey city nj our thoughts prayers are w the victims their families during this very difficult tragic time we will continue to monitor the situation as we assist local state officials on the ground,0,pos
300,2019-12-10,Donald J. Trump, read the transcripts us is a reference to usa not me,0,neg
301,2019-12-10,Donald J. Trump, shifty schiff a totally corrupt politician made up a horrible and fraudulent statement read it to congress and said those words came from me he got caught was very embarrassed yet nothing happened to him for committing this fraud he ll eventually have to answer for this,0,neg
302,2019-12-10,Donald J. Trump, witch hunt,0,neg
303,2019-12-10,Donald J. Trump, nadler just said that i pressured ukraine to interfere in our 2020 election ridiculous and he knows that is not true both the president foreign minister of ukraine said many times that there was no pressure nadler and the dems know this but refuse to acknowledge,0,neg
304,2019-12-10,Donald J. Trump, looking like very good democrat support for usmca that would be great for our country,0,pos
305,2019-12-10,Donald J. Trump, america s great usmca trade bill is looking good it will be the best and most important trade deal ever made by the usa good for everybody farmers manufacturers energy unions tremendous support importantly we will finally end our country s worst trade deal nafta,0,pos
306,2019-12-10,Donald J. Trump, to impeach a president who has proven through results including producing perhaps the strongest economy in our country s history to have one of the most successful presidencies ever and most importantly who has done nothing wrong is sheer political madness 2020election,0,pos
307,2019-12-10,Donald J. Trump, i can t remember anything quite like this the ig report brithume bretbaier,0,neg
308,2019-12-10,Donald J. Trump, i don t know what report current director of the fbi christopher wray was reading but it sure wasn t the one given to me with that kind of attitude he will never be able to fix the fbi which is badly broken despite having some of the greatest men women working there,0,neg
309,2019-12-10,Donald J. Trump, in a very long time the fbi has had some dark day in its past but nothing like this this was very serious misconduct on the part of the fbi brithume bretbaier are you listening comey mccabe lovers lisa peter the beautiful ohr family brennan clapper many more,0,pos
310,2019-12-10,Donald J. Trump, you have to look at the 17 instances of misconduct cited in the report they are very bad the fisa court was clearly taken for a ride on this a failure of the fbi up and fown the chain of command it s about as strong a medicine as i ve seen in a report of this kind,0,neg
311,2019-12-10,Donald J. Trump, a great choice bill is a winner  ,0,pos
312,2019-12-09,Donald J. Trump, read the transcripts,0,neg
313,2019-12-09,Donald J. Trump, the do nothing democrats are a disgrace  ,0,neg
314,2019-12-09,Donald J. Trump, the best economy ever  ,0,neg
315,2019-12-09,Donald J. Trump, witch hunt  ,0,neg
316,2019-12-09,Donald J. Trump, the real deal  ,0,neg
317,2019-12-09,Donald J. Trump, witch hunt  ,0,neg
318,2019-12-09,Donald J. Trump, let our great soldiers fight  ,0,pos
319,2019-12-09,Donald J. Trump, america first  ,0,neg
320,2019-12-09,Donald J. Trump, the democrats have thrown a wrecking ball at our democracy mariabartiromo,0,neg
321,2019-12-09,Donald J. Trump, no president in american history has been treated like this marklevinshow,0,neg
322,2019-12-09,Donald J. Trump, cnn is a ratings disaster lost all credibility  ,0,neg
323,2019-12-09,Donald J. Trump, what he did is illegal schiff is a corrupt politician and a criminal  ,0,neg
324,2019-12-08,Donald J. Trump, this would be the first impeachment in american history without a specific criminal statute or crime that the president whose impeached would have allegedly committed paul gigot the wall street journal,0,neg
325,2019-12-08,Donald J. Trump, american people are supposed to believe that this simply isn t a part of everthing they ve been trying to do for the last three years i think it is really a hard sell for nancy pelosi danhenninger the wall street journal,0,neg
326,2019-12-08,Donald J. Trump, the democrats haven t come up with a smocking gun nancy pelosi by raising this to the level of impeachment has raised the bar impossibly high this comes after three years of nonstop investigations of trump the russian collusion narrative the mueller report now the,0,neg
327,2019-12-08,Donald J. Trump, ig report out tomorrow that will be the big story,0,pos
328,2019-12-08,Donald J. Trump, i think the democrats are going to lose many members over this debbielesko edhenry,0,neg
329,2019-12-08,Donald J. Trump, the wall is going up fast  ,0,neg
330,2019-12-08,Donald J. Trump, i got nato countries to pay 530 billion dollars a year more and the us less and came home to a fake news media that mocked me didn t think that was possible,0,pos
331,2019-12-08,Donald J. Trump, great  ,0,pos
332,2019-12-08,Donald J. Trump, don t get why foxnews puts losers on like repswalwell who got zero as presidential candidate before quitting pramila jayapal david cicilline and others who are radical left haters the dems wouldn t let foxnews get near their bad ratings debates yet fox panders pathetic,0,neg
333,2019-12-08,Donald J. Trump, it s going to go nowhere they are going to impeach not because they have the evidence but because they hate the president i think the american people know that this is a waste of time this is democrats putting on a circus sentedcruz interviewed by sleepy eyes chuck todd,0,neg
334,2019-12-08,Donald J. Trump, any president has the authority to investigate corruption the president himself released the transcript of the call now the democrats have no evidence of a crime and no evidence of violating the law this is a kangaroo court in the house but it s going to go to the senate,0,neg
335,2019-12-08,Donald J. Trump, biden on the board of the largest natural gas company in ukraine getting paid 83000 a month 10 times as much as a board member of exxonmobil thank you ted he also made a fortune from china and others but zero before his father became vp meetthepress,0,neg
336,2019-12-08,Donald J. Trump, sentedcruz the democrats are now admitting that they can t prove a crime they can t prove a law was violated and here s why any president any administration is justified in investigating corruption and there was serious evidence of real corruption concerning hunter,0,neg
337,2019-12-08,Donald J. Trump, less than 48 hours before start of the impeachment hearing hoax on monday the no due process do nothing democrats are believe it or not changing the impeachment guidelines because the facts are not on their side when you can t win the game change the rules,0,neg
338,2019-12-08,Donald J. Trump, with the us presidential election in november north korea under the leadership of kim jong un has tremendous economic potential but it must denuclearize as promised nato china russia japan and the entire world is unified on this issue,0,pos
339,2019-12-08,Donald J. Trump, kim jong un is too smart and has far too much to lose everything actually if he acts in a hostile way he signed a strong denuclearization agreement with me in singapore he does not want to void his special relationship with the president of the united states or interfere  ,0,pos
340,2019-12-08,Donald J. Trump,  ,0,neg
341,2019-12-08,Donald J. Trump,  ,0,neg
342,2019-12-08,Donald J. Trump, congratulations to titoortiz on tonight s huge win a great american patriot  ,0,neg
343,2019-12-07,Donald J. Trump, kimstrassel schiff s surveillance obtaining phone logs is an unprecedented abuse of power to put it mildly also it is illegal,0,pos
344,2019-12-07,Donald J. Trump, the united states secret service deputy assistant director anthony ornato will become my new deputy chief of staff for operations i have worked with tony for 3 years he will do a fantastic job thank you to dan walsh for his great service and congratulations to tony,0,pos
345,2019-12-07,Donald J. Trump, not only have the democrats not advanced key pieces of legislation that would help the economy but the polls especially in early states are showing that voters are tuning out petehegseth they don t want our greatest of all presidents impeached,0,neg
346,2019-12-07,Donald J. Trump, why reelect democrats when you know that this is what they are doing with their majority their case is not strong because first it was russian collusion then it was obstruction then it was ukraine now their pivoting back to russia why would they be doing that lisa booth,0,neg
347,2019-12-07,Donald J. Trump, our economy is the envy of the world,0,neg
348,2019-12-07,Donald J. Trump, hard to believe but if nancy pelosi had put our great trade deal with mexico and canada usmca up for a vote long ago our economy would be even better if she doesn t move quickly it will collapse,0,neg
349,2019-12-07,Donald J. Trump, the united states will not rest until we bring every american wrongfully detained in iran and around the world back home to their loved ones  ,0,neg
350,2019-12-07,Donald J. Trump, taken during the obama administration despite 150 billion gift returned during the trump administration thank you to iran on a very fair negotiation see we can make a deal together  ,0,pos
351,2019-12-07,Donald J. Trump, while the world is not doing well economically our country is doing better perhaps than it has ever done before jobs jobs jobs,0,neg
352,2019-12-07,Donald J. Trump, read the transcripts also see where i say us our country as opposed to me meaning me and where i then say that the attorney general of the united states will call you people still remember schiff s made up and fraudulent version of my conversation witch hunt,0,pos
353,2019-12-07,Donald J. Trump, why is the world bank loaning money to china can this be possible china has plenty of money and if they don t they create it stop,0,neg
354,2019-12-07,Donald J. Trump, fake news cnn is reporting that i am still using personal cell phone for calls despite repeated security warnings this is totally false information and reporting i haven t had a personal cell phone for years only use government approved and issued phones retract,0,neg
355,2019-12-07,Donald J. Trump, nadler hasn t had a single fact witness testify zero substancecountry wants usmca and growth not impeachment polls have tanked on the do nothing democrats,0,neg
356,2019-12-07,Donald J. Trump, this bill helps students get the student aid they need to go to college stop the headaches and stop the paperwork barriers to higher education congrats to lamar,0,neg
357,2019-12-07,Donald J. Trump, great work yesterday by the senate to support our historically black colleges and universities thank you betsydevosed senalexander and senatortimscott for your leadership,0,pos
358,2019-12-07,Donald J. Trump, congressman lancegooden has done a wonderful job for the people of texas while supporting our maga agenda he continues to protect your very important 2a lance is strong on crime and the border he loves our great vets and military lance has my complete total endorsement,0,pos
359,2019-12-07,Donald J. Trump, will temporarily hold off this designation and step up our joint efforts to deal decisively with these vicious and evergrowing organizations,0,neg
360,2019-12-07,Donald J. Trump, all necessary work has been completed to declare mexican cartels terrorist organizations statutorily we are ready to do so however at the request of a man who i like and respect and has worked so well with us president andres manuel lopezobrador_ we,0,pos
361,2019-12-06,Donald J. Trump, jobs jobs jobs  ,0,neg
362,2019-12-06,Donald J. Trump, the king said that the saudi people are greatly angered by the barbaric actions of the shooter and that this person in no way shape or form represents the feelings of the saudi people who love the american people,0,pos
363,2019-12-06,Donald J. Trump, king salman of saudi arabia just called to express his sincere condolences and give his sympathies to the families and friends of the warriors who were killed and wounded in the attack that took place in pensacola florida,0,pos
364,2019-12-06,Donald J. Trump, just received a full briefing on the tragic shooting at nas pensacola in florida and spoke to govrondesantis my thoughts and prayers are with the victims and their families during this difficult time we are continuing to monitor the situation as the investigation is ongoing,0,neg
365,2019-12-06,Donald J. Trump, without the horror show that is the radical left do nothing democrats the stock markets and economy would be even better if that is possible and the border would be closed to the evil of drugs gangs and all other problems 2020,0,neg
366,2019-12-06,Donald J. Trump, heytammybruce this seems personal that it is deeply unfair that has not changed this has become a matter of their unhinged emotional reaction to a man who has bettered them who has had victory where they have not had victory and has exposed the problem with the leftists,0,pos
367,2019-12-06,Donald J. Trump, this is a blowout look at these manufacturing numbers a blowout mariabartiromo,0,neg
368,2019-12-06,Donald J. Trump, jimcramer this is the best number i ve ever seen in my life,0,neg
369,2019-12-06,Donald J. Trump, great jobs report,0,pos
370,2019-12-06,Donald J. Trump, stock markets up record numbers for this year alone dow up 1865 s p up 2436 nasdaq composite up 2917 it s the economy stupid,0,pos
371,2019-12-06,Donald J. Trump, do not believe any article or story you read or see that uses anonymous sources having to do with trade or any other subject only accept information if it has an actual living name on it the fake news media makes up many sources say stories do not believe them,0,neg
372,2019-12-06,Donald J. Trump, where s the fake whistleblower where s whistleblower number 2 where s the phony informer who got it all wrong,0,neg
373,2019-12-06,Donald J. Trump, the story today that we are sending 12000 troops to saudi arabia is false or to put it more accurately fake news,0,pos
374,2019-12-06,Donald J. Trump,  ,0,neg
375,2019-12-05,Donald J. Trump, republican approval rating 95 thank you,0,pos
376,2019-12-05,Donald J. Trump, nancy pelosi just had a nervous fit she hates that we will soon have 182 great new judges and sooo much more stock market and employment records she says she prays for the president i don t believe her not even close help the homeless in your district nancy usmca,0,pos
377,2019-12-05,Donald J. Trump, thank you maga  ,0,pos
378,2019-12-05,Donald J. Trump, this will mean that the beyond important and seldom used act of impeachment will be used routinely to attack future presidents that is not what our founders had in mind the good thing is that the republicans have never been more united we will win,0,pos
379,2019-12-05,Donald J. Trump, the do nothing radical left democrats have just announced that they are going to seek to impeach me over nothing they already gave up on the ridiculous mueller stuff so now they hang their hats on two totally appropriate perfect phone calls with the ukrainian president,0,neg
380,2019-12-05,Donald J. Trump, trial in the senate and so that our country can get back to business we will have schiff the bidens pelosi and many more testify and will reveal for the first time how corrupt our system really is i was elected to clean the swamp and that s what i am doing,0,pos
381,2019-12-05,Donald J. Trump, the do nothing democrats had a historically bad day yesterday in the house they have no impeachment case and are demeaning our country but nothing matters to them they have gone crazy therefore i say if you are going to impeach me do it now fast so we can have a fair,0,neg
382,2019-12-05,Donald J. Trump, tremendous things achieved for us on my nato trip proudly for our country no president has ever achieved so much in so little time without a us increase other countries have already increased by 130 billionwith 400 billion soon such a thing has never been done before,0,pos
383,2019-12-05,Donald J. Trump, i would like to have the attorney general of the united states call you or your people this based on what i have seen is their big point and it is no point at a all except for a big win for me the democrats should apologize to the american people,0,pos
384,2019-12-05,Donald J. Trump, when i said in my phone call to the president of ukraine i would like you to do us a favor though because our country has been through a lot and ukraine knows a lot about it with the word us i am referring to the united states our country i then went on to say that,0,pos
385,2019-12-05,Donald J. Trump, just read the best maureen dowd column in the new york times ever although she treated me great before politics but it was written by her brother kevin someone in the news media should hire her wonderful talented and very smart brother  ,0,pos
386,2019-12-05,Donald J. Trump, nato has now recognized space as an operational domain and the alliance is stronger for it us leadership ensures peace through strength and we must continue to show strength and win on all fronts land air sea and space,0,pos
387,2019-12-05,Donald J. Trump, the fake news media is doing everything possible to belittle my very successful trip to london for nato i got along great with the nato leaders even getting them to pay 130 billion a year more 400 billion a year more in 3 years no increase for us only deep respect,0,pos
388,2019-12-04,Donald J. Trump, when today s meetings are over i will be heading back to washington we won t be doing a press conference at the close of nato because we did so many over the past two days safe travels to all,0,neg
389,2019-12-04,Donald J. Trump, just finished meetings with turkey and germany heading to a meeting now with those countries that have met their 2 goals followed by meetings with denmark and italy,0,pos
390,2019-12-04,Donald J. Trump, great progress has been made by nato over the last three years countries other than the us have agreed to pay 130 billion dollars more per year and by 2024 that number will be 400 billion dollars nato will be richer and stronger than ever before,0,pos
391,2019-12-04,Donald J. Trump, enjoyed my meeting with prime minister borisjohnson of the united kingdom at 10downingstreet last night talked about numerous subjects including nato and trade,0,pos
392,2019-12-04,Donald J. Trump, thank you  ,0,pos
393,2019-12-04,Donald J. Trump, too bad we will miss you kamala  ,0,neg
394,2019-12-03,Donald J. Trump, the united states of america supports the brave people of iran who are protesting for their freedom we have under the trump administration and always will,0,pos
395,2019-12-03,Donald J. Trump, true  ,0,neg
396,2019-12-03,Donald J. Trump, mini mike bloomberg has instructed his third rate news organization not to investigate him or any democrat but to go after president trump only the failing new york times thinks that is ok because their hatred bias is so great they can t even see straight it s not ok,0,neg
397,2019-12-03,Donald J. Trump, just landed in the united kingdom heading to london for nato meetings tomorrow prior to landing i read the republicans report on the impeachment hoax great job radical left has no case read the transcripts shouldn t even be allowed can we go to supreme court to stop,0,neg
398,2019-12-03,Donald J. Trump, the fed should lower rates there is almost no inflation and loosen making us competitive with other nations and manufacturing will soar dollar is very strong relative to others,0,pos
399,2019-12-02,Donald J. Trump, manufacturers are being held back by the strong dollar which is being propped up by the ridiculous policies of the federal reserve which has called interest rates and quantitative tightening wrong from the first days of jay powell,0,neg
400,2019-12-02,Donald J. Trump,  ,0,neg
401,2019-12-02,Donald J. Trump, thank you to president zelensky case over the do nothing democrats should finally go back to work  ,0,pos
402,2019-12-02,Donald J. Trump, in the 3 decades before my election nato spending declined by twothirds and only 3 other nato members were meeting their financial obligations since i took office the number of nato allies fulfilling their obligations more than doubled and nato spending increased by 130b,0,neg
403,2019-12-02,Donald J. Trump, great job by repdougcollins of georgia over the weekend in representing the republican party and myself against the impeachment hoax,0,pos
404,2019-12-02,Donald J. Trump, when lisa page the lover of peter strzok talks about being crushed and how innocent she is ask her to read peter s insurance policy text to her just in case hillary loses also why were the lovers text messages scrubbed after he left mueller where are they lisa,0,neg
405,2019-12-02,Donald J. Trump, the republican party has never been so united this impeachment scam is just a continuation of the 3 year witch hunt but it is only bringing us even closer together,0,neg
406,2019-12-02,Donald J. Trump, not only did i see it doks_art i think it is fantastic you are a wonderful artist never give up your dream  ,0,pos
407,2019-12-02,Donald J. Trump, thank you to great republican senjohnkennedy for the job he did in representing both the republican party and myself against sleepy eyes chuck todd on meet the depressed,0,pos
408,2019-12-02,Donald J. Trump, thank you to congressman ben cline4virginia for the great remarks this morning on the illegitimate impeachment hoax he understands the do nothing democrats very well also and as usual repandybiggsaz was fantastic,0,pos
409,2019-12-02,Donald J. Trump, heading to europe to represent our country and fight hard for the american people while the do nothing democrats purposely scheduled an impeachment hoax hearing on the same date as nato not nice  ,0,pos
410,2019-12-02,Donald J. Trump, the do nothing democrats get 3 constitutional lawyers for their impeachment hoax they will need them the republicans get one oh that sounds fair,0,neg
411,2019-12-02,Donald J. Trump, when the law enforcers turn out to be the law breakers then we have totally upended the rule of law nobody is safe and everybody is in trouble our system of government is under attack govmikehuckabee,0,pos
412,2019-12-02,Donald J. Trump, the democrats don t have any evidence but they are still going to do it anyway that s the sham that s going on here jasoninthehouse chaffetz,0,pos
413,2019-12-02,Donald J. Trump, breaking news the president of ukraine has just again announced that president trump has done nothing wrong with respect to ukraine and our interactions or calls if the radical left democrats were sane which they are not it would be case over,0,neg
414,2019-12-02,Donald J. Trump, the united states has outperformed the rest of the world in an eye popping fashion i don t think we ve seen numbers like that mohamed elerian allianz chief economic adviser but despite this there is tremendous potential for growth far greater than most have understood,0,pos
415,2019-12-02,Donald J. Trump, the american people are going to see this for what it is it is a political effort by the democrats and the president certainly doesn t have to aid in the impeachment effort robert ray mariabartiromo democrats are getting killed in their home districts 2020,0,neg
416,2019-12-02,Donald J. Trump, the process has been unfair republicans can t even get their own witnesses it gets me that adam schiff is not punishable for lying in any way mariabartiromo,0,neg
417,2019-12-02,Donald J. Trump, us markets are up as much as 21 since the announcement of tariffs on 312018 and the us is taking in massive amounts of money and giving some to our farmers who have been targeted by china,0,pos
418,2019-12-02,Donald J. Trump, reserve should likewise act so that countries of which there are many no longer take advantage of our strong dollar by further devaluing their currencies this makes it very hard for our manufactures farmers to fairly export their goods lower rates loosen fed,0,neg
419,2019-12-02,Donald J. Trump, brazil and argentina have been presiding over a massive devaluation of their currencies which is not good for our farmers therefore effective immediately i will restore the tariffs on all steel aluminum that is shipped into the us from those countries the federal,0,pos
420,2019-12-02,Donald J. Trump, it is clear that there is none of the bipartisan support that speaker pelosi said for months was essential for impeachment chris wallace foxnews,0,pos
421,2019-12-02,Donald J. Trump, trump economy breaks holiday shopping records foxnews,0,neg
422,2019-12-02,Donald J. Trump, great writer and historian doug wead has written a true not fake news account of what is going on in washington and the white house his new book inside trump s white house is an incredible description of a very exciting and successful time in our country s history buy it,0,pos
423,2019-12-02,Donald J. Trump, donald trump was framed back in 2016 mariabartiromo 100 correct maria and we can never let this happen to another president again,0,neg
424,2019-12-01,Donald J. Trump, in america community by community where we will eradicate aids in 10 years program already started american leadership has proven that together we can save lives,0,pos
425,2019-12-01,Donald J. Trump, on world aids day the first lady and i express our support for those living with hivaids and mourn the lives lost we reaffirm our commitment to end the hivaids epidemic,0,neg
426,2019-12-01,Donald J. Trump, schiff s impeachment hearings wasting time when congress must do real work  ,0,pos
427,2019-12-01,Donald J. Trump, trump did nothing impeachable daybyday review of all impeachment hearing testimony shows greggjarrett  ,0,neg
428,2019-12-01,Donald J. Trump, sen tim scott says trump innocent no way senate convicts  ,0,neg
