id,conversation_id,created_at,date,time,timezone,user_id,username,name,place,tweet,mentions,urls,photos,replies_count,retweets_count,likes_count,hashtags,cashtags,link,retweet,quote_url,video,near,geo,source,user_rt_id,user_rt,retweet_id,reply_to,retweet_date,translate,trans_src,trans_dest
1244762057213448193,1244762057213448193,1585609375000,2020-03-31,02:02:55,×©×¢×•×Ÿ ×§×™×¥ ×™×¨×•×©×œ×™×,3033714667,mrossnews,Michelle Arezou Ross,"Bronx, NY","Breathtaking photos. Feeling a sense of American pride when I see these images. 

#USNSComfort
#HospitalShip
#Coronavirus
#COVID19
ğŸ“·: @Reuters pic.twitter.com/qA9HcJCB6K",['reuters'],[],"['https://pbs.twimg.com/media/EUZIfiWX0AcilWK.jpg', 'https://pbs.twimg.com/media/EUZIfiZXYAAdDC_.jpg']",0,4,11,"['#usnscomfort', '#hospitalship', '#coronavirus', '#covid19']",[],https://twitter.com/MRossNews/status/1244762057213448193,False,,0,New York,,,,,,"[{'user_id': '3033714667', 'username': 'MRossNews'}, {'user_id': '1652541', 'username': 'Reuters'}]",,,,
1244740528132014082,1244740528132014082,1585604242000,2020-03-31,00:37:22,×©×¢×•×Ÿ ×§×™×¥ ×™×¨×•×©×œ×™×,1095983808,veronatownship,Township of Verona,"Verona, NJ","Dear Verona Residents:

This afternoon, the Montclair Health Department updated the number of residents of Verona who have tested positive with novel Coronavirus disease 2019 (COVID-19) to seventeen (17). Thisâ€¦  https://www.instagram.com/p/B-X4UWhD_Rv/?igshid=1eyniv6y3eqoaÂ â€¦",[],['https://www.instagram.com/p/B-X4UWhD_Rv/?igshid=1eyniv6y3eqoa'],[],0,2,4,[],[],https://twitter.com/VeronaTownship/status/1244740528132014082,False,,0,New York,,,,,,"[{'user_id': '1095983808', 'username': 'VeronaTownship'}]",,,,
1244738109490806784,1244738109490806784,1585603666000,2020-03-31,00:27:46,×©×¢×•×Ÿ ×§×™×¥ ×™×¨×•×©×œ×™×,245953646,joeborellinyc,Joe Borelli,"Staten Island, NY","Sad we must discuss this, but #FirstResponders & city & state essential workers must be given FULL LINE OF DUTY DEATH BENEFITS per their contracts, if they succumb to #COVID19. It must be presumed that they contracted it while working for the public, Period. #coronavirus #NYC pic.twitter.com/RCcXPZfUzu",[],[],['https://pbs.twimg.com/media/EUYytVfX0AACR-m.jpg'],25,191,494,"['#firstresponders', '#covid19', '#coronavirus', '#nyc']",[],https://twitter.com/JoeBorelliNYC/status/1244738109490806784,False,,0,New York,,,,,,"[{'user_id': '245953646', 'username': 'JoeBorelliNYC'}, {'user_id': '393722421', 'username': 'HeyNowJO'}, {'user_id': '362768344', 'username': 'StevenMatteo'}, {'user_id': '142790559', 'username': 'CMDebiRose'}, {'user_id': '757862089', 'username': 'NMalliotakis'}, {'user_id': '758285982', 'username': 'MikeWReilly'}, {'user_id': '2359955326', 'username': 'Charlesdfall'}, {'user_id': '22102584', 'username': 'senatorlanza'}, {'user_id': '574734714', 'username': 'Michael_Cusick'}, {'user_id': '80890505', 'username': 'dianesavino'}, {'user_id': '531916677', 'username': 'FranciscoMoyaNY'}]",,,,
1244737968700567560,1244737968700567560,1585603632000,2020-03-31,00:27:12,×©×¢×•×Ÿ ×§×™×¥ ×™×¨×•×©×œ×™×,2838926055,anieakpe,Anie Akpe,"New York, NY","You canâ€™t make this ish up. ğŸ¤£
#COVID19 #coronavirus #PressConference https://twitter.com/Yamiche/status/1244737591175458817Â â€¦",[],['https://twitter.com/Yamiche/status/1244737591175458817'],[],0,0,0,"['#covid19', '#coronavirus', '#pressconference']",[],https://twitter.com/AnieAkpe/status/1244737968700567560,False,https://twitter.com/Yamiche/status/1244737591175458817,0,New York,,,,,,"[{'user_id': '2838926055', 'username': 'AnieAkpe'}]",,,,
1244737680602279936,1244737680602279936,1585603563000,2020-03-31,00:26:03,×©×¢×•×Ÿ ×§×™×¥ ×™×¨×•×©×œ×™×,2838926055,anieakpe,Anie Akpe,"New York, NY","Trump said my hair is blowing around and itâ€™s mine ğŸ¤£ğŸ˜‚ğŸ¤£

*^*In the middle of the #PressConference
#TheLockdown #coronavirus #COVID19",[],[],[],1,0,4,"['#pressconference', '#thelockdown', '#coronavirus', '#covid19']",[],https://twitter.com/AnieAkpe/status/1244737680602279936,False,,0,New York,,,,,,"[{'user_id': '2838926055', 'username': 'AnieAkpe'}]",,,,
1244717232556593154,1244717232556593154,1585598688000,2020-03-30,23:04:48,×©×¢×•×Ÿ ×§×™×¥ ×™×¨×•×©×œ×™×,1568858138,monasalama_,Mona Salama,"Bronx, NY","""After speaking with the Attending Physician by phone, I was diagnosed with presumed coronavirus infection. At the advice of The Attending Physician, neither COVID 19 laboratory testing nor a doctor's office visit was recommended"" https://twitter.com/MonaSalama_/status/1244717204844744891Â â€¦",[],['https://twitter.com/MonaSalama_/status/1244717204844744891'],[],0,1,0,[],[],https://twitter.com/MonaSalama_/status/1244717232556593154,False,https://twitter.com/MonaSalama_/status/1244717204844744891,0,New York,,,,,,"[{'user_id': '1568858138', 'username': 'MonaSalama_'}]",,,,
1244715852907401221,1244715852907401221,1585598359000,2020-03-30,22:59:19,×©×¢×•×Ÿ ×§×™×¥ ×™×¨×•×©×œ×™×,225709644,breakinnewsboy,Darren McQuade,"Manhattan, NY","Photo: Navy Sailor stands in front of the #USSComfort which arrived in #NYC today.

#Comfort #CoronavirusNewYork #COVID19 #coronavirus #photography
#PIX11NEWS pic.twitter.com/khApXqwGqK",[],[],['https://pbs.twimg.com/media/EUYeeE7XsAA2CEq.jpg'],0,3,18,"['#usscomfort', '#nyc', '#comfort', '#coronavirusnewyork', '#covid19', '#coronavirus', '#photography', '#pix11news']",[],https://twitter.com/BreakinNewsBoy/status/1244715852907401221,False,,0,New York,,,,,,"[{'user_id': '225709644', 'username': 'BreakinNewsBoy'}]",,,,
1244714822719209473,1244714822719209473,1585598114000,2020-03-30,22:55:14,×©×¢×•×Ÿ ×§×™×¥ ×™×¨×•×©×œ×™×,225709644,breakinnewsboy,Darren McQuade,"Manhattan, NY","Groups of people are ignoring #SocialDistancing and gathering in the few spots where you can get a glimpse of the #USSComfort. Police told people to disperse.

#Comfort #NYC #COVID19 #coronavirus #NewYork
#PIX11NEWS pic.twitter.com/6i6jA1a7dk",[],[],['https://pbs.twimg.com/media/EUYdiCAXkAE5i4Q.jpg'],0,1,5,"['#socialdistancing', '#usscomfort', '#comfort', '#nyc', '#covid19', '#coronavirus', '#newyork', '#pix11news']",[],https://twitter.com/BreakinNewsBoy/status/1244714822719209473,False,,0,New York,,,,,,"[{'user_id': '225709644', 'username': 'BreakinNewsBoy'}]",,,,
1244685909326520321,1244685909326520321,1585591220000,2020-03-30,21:00:20,×©×¢×•×Ÿ ×§×™×¥ ×™×¨×•×©×œ×™×,191681725,leeabbamonte,Lee Abbamonte,"Manhattan, NY",Makeshift hospital in the East Meadow of Central Park #NYC to handle overflow #COVID19 patients from nearby Mount Sinai Hospital. Godspeed to all. This is madness. #coronavirus pic.twitter.com/Em066tKY5c,[],[],['https://pbs.twimg.com/media/EUYDOz8WAAEK8xP.jpg'],1,1,13,"['#nyc', '#covid19', '#coronavirus']",[],https://twitter.com/LeeAbbamonte/status/1244685909326520321,False,,0,New York,,,,,,"[{'user_id': '191681725', 'username': 'LeeAbbamonte'}]",,,,
1244642170872770568,1244642170872770568,1585580792000,2020-03-30,18:06:32,×©×¢×•×Ÿ ×§×™×¥ ×™×¨×•×©×œ×™×,65037137,ryankristafer,Ryan Kristafer,"Manhattan, NY","Shout out to Brooklynâ€™s @beatthebombnyc for donating thousands of protective suits, gloves and face shields to local #nyc hospitals. â¤ï¸ #coronavirus #covid19 @KerryDrewTV @BIANCApeters8 pic.twitter.com/1YPPny86KZ","['beatthebombnyc', 'kerrydrewtv', 'biancapeters8']",[],[],0,2,6,"['#nyc', '#coronavirus', '#covid19']",[],https://twitter.com/RyanKristafer/status/1244642170872770568,False,,1,New York,,,,,,"[{'user_id': '65037137', 'username': 'RyanKristafer'}, {'user_id': '732438079877812224', 'username': 'beatthebombnyc'}, {'user_id': '370331254', 'username': 'KerryDrewTV'}, {'user_id': '22801854', 'username': 'BIANCApeters8'}]",,,,
1244630303374749698,1244630303374749698,1585577963000,2020-03-30,17:19:23,×©×¢×•×Ÿ ×§×™×¥ ×™×¨×•×©×œ×™×,773600556,jonesroly,Roland Wyn Jones ğŸ´ó §ó ¢ó ·ó ¬ó ³ó ¿&ğŸ‡¬ğŸ‡§&ğŸ‡ºğŸ‡¸inğŸ—½,"Financial District, Manhattan",Really great to see @USNSComfort on its way up the #Hudson River to dock in #NewYork this morning #MondayMorning #coronavirus #COVID19 #USNSComfort #USNavy pic.twitter.com/an5EbTeOSJ,['usnscomfort'],[],[],1,2,7,"['#hudson', '#newyork', '#mondaymorning', '#coronavirus', '#covid19', '#usnscomfort', '#usnavy']",[],https://twitter.com/JonesRoly/status/1244630303374749698,False,,1,New York,,,,,,"[{'user_id': '773600556', 'username': 'JonesRoly'}, {'user_id': '105174965', 'username': 'USNSComfort'}]",,,,
1244607054251253762,1244607054251253762,1585572420000,2020-03-30,15:47:00,×©×¢×•×Ÿ ×§×™×¥ ×™×¨×•×©×œ×™×,144569635,mikeykaynyc,Mikey Kay,"Yonkers, NY","#Covid_19 30 March statement from @ICRC on COVID & conflict zones:

Thread

â€˜In displacement camps, physical distancing is not possible, and we fear it will be impossible to stop the spread of coronavirus once it enters a camp. Indeed, we fear the virus will spread rapidly 2/ pic.twitter.com/hX9oO0E6Di",['icrc'],[],['https://pbs.twimg.com/media/EUW7g84WsAgvAO6.jpg'],1,5,5,['#covid_19'],[],https://twitter.com/MikeyKayNYC/status/1244607054251253762,False,,0,New York,,,,,,"[{'user_id': '144569635', 'username': 'MikeyKayNYC'}, {'user_id': '85289376', 'username': 'ICRC'}]",,,,
1244467637805092865,1244467637805092865,1585539180000,2020-03-30,06:33:00,×©×¢×•×Ÿ ×§×™×¥ ×™×¨×•×©×œ×™×,412549497,jennbisramtv,jennbisramtv,"Queens, NY","NYC Coronavirus Update: 
As of 6pm Sunday, there were 33,474 people citywide who tested positive for covid-19. Sadly 776-people died.
6,250 in the Bronx; 8,887 in Brooklyn, 5,582 in Manhattan; 10,737 in Queens; 1,984 in Staten Island. @NYCMayor @PIX11News #StayHome #StopTheSpread","['nycmayor', 'pix11news']",[],[],0,5,4,"['#stayhome', '#stopthespread']",[],https://twitter.com/jennbisramtv/status/1244467637805092865,False,,0,New York,,,,,,"[{'user_id': '412549497', 'username': 'jennbisramtv'}, {'user_id': '19834403', 'username': 'NYCMayor'}, {'user_id': '9542972', 'username': 'PIX11News'}]",,,,
1244464849440079873,1244464849440079873,1585538515000,2020-03-30,06:21:55,×©×¢×•×Ÿ ×§×™×¥ ×™×¨×•×©×œ×™×,16534053,paulglader,Paul Glader,"Montclair, NJ","Silver lining in #coronavirus: I always printed @TheKingsCollege students papers, marked them up and handed them back in person. #Covid_19 forced me to start grading them digitally. And I have to say, grading them on our LMS works great. It saves me time. And it saves paper!",['thekingscollege'],[],[],1,1,10,"['#coronavirus', '#covid_19']",[],https://twitter.com/PaulGlader/status/1244464849440079873,False,,0,New York,,,,,,"[{'user_id': '16534053', 'username': 'PaulGlader'}, {'user_id': '110464152', 'username': 'TheKingsCollege'}]",,,,
1244405424125870080,1244405424125870080,1585524347000,2020-03-30,02:25:47,×©×¢×•×Ÿ ×§×™×¥ ×™×¨×•×©×œ×™×,245953646,joeborellinyc,Joe Borelli,"Staten Island, NY",A sad scene at Brooklyn Hospital #Covid_19 #coronavirus pic.twitter.com/dRUNE61yPs,[],[],[],1921,12261,28887,"['#covid_19', '#coronavirus']",[],https://twitter.com/JoeBorelliNYC/status/1244405424125870080,False,,1,New York,,,,,,"[{'user_id': '245953646', 'username': 'JoeBorelliNYC'}]",,,,
1244387942862401545,1244387942862401545,1585520179000,2020-03-30,01:16:19,×©×¢×•×Ÿ ×§×™×¥ ×™×¨×•×©×œ×™×,2838926055,anieakpe,Anie Akpe,"New York, NY","#PressConference Trump  basically calling out New York on equipment being delivered. 

Trying to say itâ€™s a quality control issue.  

#coronavirus #Covid_19 #CoronaUpdate",[],[],[],0,0,1,"['#pressconference', '#coronavirus', '#covid_19', '#coronaupdate']",[],https://twitter.com/AnieAkpe/status/1244387942862401545,False,,0,New York,,,,,,"[{'user_id': '2838926055', 'username': 'AnieAkpe'}]",,,,
1244387054764666881,1244387054764666881,1585519968000,2020-03-30,01:12:48,×©×¢×•×Ÿ ×§×™×¥ ×™×¨×•×©×œ×™×,2762583461,kylemazzawunf,Kyle Mazza,"Fair Lawn, NJ","UPDATED: Fair Lawn, NJ now has 117 cases of #COVID19 #Coronavirus pic.twitter.com/KKHehGtVGC",[],[],['https://pbs.twimg.com/media/EUTzba9XsAE2kGS.jpg'],1,2,3,"['#covid19', '#coronavirus']",[],https://twitter.com/KyleMazzaWUNF/status/1244387054764666881,False,,0,New York,,,,,,"[{'user_id': '2762583461', 'username': 'KyleMazzaWUNF'}]",,,,
1244384915212439553,1244384915212439553,1585519457000,2020-03-30,01:04:17,×©×¢×•×Ÿ ×§×™×¥ ×™×¨×•×©×œ×™×,834001837,isiah4congress,ISIAH JAMESğŸŒ¹,"Brooklyn, NY","â€œWhile most New Yorkers are sheltering inside, Congresswoman Yvette Clarke offered her constituents a novel way to contract coronavirus.â€

Our leaders shouldnâ€™t be telling folks to be on the streets in the midst of a pandemic.#COVID19 #StayHomeSaveLives https://nypost.com/2020/03/28/rep-yvette-clarke-promotes-public-wifi-kiosks-during-coronavirus-pandemic/Â â€¦",[],['https://nypost.com/2020/03/28/rep-yvette-clarke-promotes-public-wifi-kiosks-during-coronavirus-pandemic/'],[],2,9,33,"['#covid19', '#stayhomesavelives']",[],https://twitter.com/isiah4congress/status/1244384915212439553,False,,0,New York,,,,,,"[{'user_id': '834001837', 'username': 'isiah4congress'}]",,,,
1244359721114533891,1244359721114533891,1585513451000,2020-03-29,23:24:11,×©×¢×•×Ÿ ×§×™×¥ ×™×¨×•×©×œ×™×,23470695,joshuahoyos,Joshua Hoyos,"Manhattan, NY","De Blasio: NYC represents the epicenter of the nationâ€™s #COVID19 crisis with over 32000 cases in the city and nearly 700 dead. 

In the last 24 hours, 161 people were reported dead from the #coronavirus in New York City",[],[],[],0,0,0,"['#covid19', '#coronavirus']",[],https://twitter.com/JoshuaHoyos/status/1244359721114533891,False,,0,New York,,,,,,"[{'user_id': '23470695', 'username': 'JoshuaHoyos'}]",,,,
1244323598598172672,1244323598598172672,1585504838000,2020-03-29,21:00:38,×©×¢×•×Ÿ ×§×™×¥ ×™×¨×•×©×œ×™×,23470695,joshuahoyos,Joshua Hoyos,"Manhattan, NY","Thinking of her work family at @CBSNews. 

â€œMaria was 54 and died from the Covid-19 coronavirus in a New York hospital. She had been on medical leave for an unrelated matter since the last week in February. Maria fought cancer and related illnesses for more than 20 years.â€ https://twitter.com/CBSNewsPress/status/1244322830579380227Â â€¦",['cbsnews'],['https://twitter.com/CBSNewsPress/status/1244322830579380227'],[],0,2,12,[],[],https://twitter.com/JoshuaHoyos/status/1244323598598172672,False,https://twitter.com/CBSNewsPress/status/1244322830579380227,0,New York,,,,,,"[{'user_id': '23470695', 'username': 'JoshuaHoyos'}, {'user_id': '15012486', 'username': 'CBSNews'}]",,,,
1244315875563487233,1244315875563487233,1585502997000,2020-03-29,20:29:57,×©×¢×•×Ÿ ×§×™×¥ ×™×¨×•×©×œ×™×,4068821,godfree,Danny PeÃ±a,"Manhattan, NY",Week 3. #coronavirus #covid_19 #socialdistancing #nyc #nycshutdown pic.twitter.com/voXknk6hAM,[],[],['https://pbs.twimg.com/media/EUSysCUWAAwyR78.jpg'],0,0,4,"['#coronavirus', '#covid_19', '#socialdistancing', '#nyc', '#nycshutdown']",[],https://twitter.com/godfree/status/1244315875563487233,False,,0,New York,,,,,,"[{'user_id': '4068821', 'username': 'godfree'}]",,,,
1244302618203226112,1244302618203226112,1585499836000,2020-03-29,19:37:16,×©×¢×•×Ÿ ×§×™×¥ ×™×¨×•×©×œ×™×,2838926055,anieakpe,Anie Akpe,"Brooklyn, NY","Meanwhile in some places/countries,  people are still gathering and using God as the reason for having regular worship services. 

Self serving purposes is all I see. 

#Covid_19 #coronavirus #CoronaUpdate https://twitter.com/KellyO/status/1244301693304668161Â â€¦",[],['https://twitter.com/KellyO/status/1244301693304668161'],[],0,1,0,"['#covid_19', '#coronavirus', '#coronaupdate']",[],https://twitter.com/AnieAkpe/status/1244302618203226112,False,https://twitter.com/KellyO/status/1244301693304668161,0,New York,,,,,,"[{'user_id': '2838926055', 'username': 'AnieAkpe'}]",,,,
1244297471523766277,1244297471523766277,1585498609000,2020-03-29,19:16:49,×©×¢×•×Ÿ ×§×™×¥ ×™×¨×•×©×œ×™×,23470695,joshuahoyos,Joshua Hoyos,"Manhattan, NY","Cuomo: nearly 60,000 cases of #COVID19 in New York State.

965 people have died in NYS from #coronavirus",[],[],[],0,7,1,"['#covid19', '#coronavirus']",[],https://twitter.com/JoshuaHoyos/status/1244297471523766277,False,,0,New York,,,,,,"[{'user_id': '23470695', 'username': 'JoshuaHoyos'}]",,,,
1244052044576632834,1244052044576632834,1585440095000,2020-03-29,03:01:35,×©×¢×•×Ÿ ×§×™×¥ ×™×¨×•×©×œ×™×,38848610,estherclimate,Esther Agbarakwe,"Manhattan, NY","In 30 min, we join our global community to take a moment to honor those at the frontlines of the fight against #Coronavirus #Covid_19. #EarthHour https://twitter.com/UN/status/1243750410512465920Â â€¦",[],['https://twitter.com/UN/status/1243750410512465920'],[],1,0,4,"['#coronavirus', '#covid_19', '#earthhour']",[],https://twitter.com/estherclimate/status/1244052044576632834,False,https://twitter.com/UN/status/1243750410512465920,0,New York,,,,,,"[{'user_id': '38848610', 'username': 'estherclimate'}]",,,,
1244045777074298881,1244045777074298881,1585438601000,2020-03-29,02:36:41,×©×¢×•×Ÿ ×§×™×¥ ×™×¨×•×©×œ×™×,17712324,dawn_kopecki,Dawn Kopecki,"Manhattan, NY","If you live in NYC and have so much as a sniffle and answer all the questions in the new @Apple #coronavirus app, this is what you get. #COVID19 #StayAtHome #selfisolate pic.twitter.com/6YcedplisN",['apple'],[],['https://pbs.twimg.com/media/EUO9CdZXYAM7vYp.jpg'],1,1,5,"['#coronavirus', '#covid19', '#stayathome', '#selfisolate']",[],https://twitter.com/Dawn_Kopecki/status/1244045777074298881,False,,0,New York,,,,,,"[{'user_id': '17712324', 'username': 'Dawn_Kopecki'}, {'user_id': '380749300', 'username': 'Apple'}]",,,,
1244018786421952513,1244018786421952513,1585432166000,2020-03-29,00:49:26,×©×¢×•×Ÿ ×§×™×¥ ×™×¨×•×©×œ×™×,2762583461,kylemazzawunf,Kyle Mazza,"Fair Lawn, NJ","UPDATED: Fair Lawn, NJ now has 95 cases of #covid19 #Coronavirus",[],[],[],0,7,8,"['#covid19', '#coronavirus']",[],https://twitter.com/KyleMazzaWUNF/status/1244018786421952513,False,,0,New York,,,,,,"[{'user_id': '2762583461', 'username': 'KyleMazzaWUNF'}]",,,,
1243985145020977152,1243985145020977152,1585424145000,2020-03-28,22:35:45,×©×¢×•×Ÿ ×§×™×¥ ×™×¨×•×©×œ×™×,1526321732,realdoctormike,Dr. Mike Varshavski,"Manhattan, NY",Set a reminder for the premiere here ğŸ‘‰ğŸ¼  https://youtu.be/OfcJecd6jtEÂ  Iâ€™ll be there to chat at 9am EST! â›‘ğŸ¦ ğŸ‘ğŸ¼ #coronavirus #COVID19 #Fauci #AlertNotAnxious pic.twitter.com/w5BLUR81lw,[],['https://youtu.be/OfcJecd6jtE'],['https://pbs.twimg.com/media/EUOF5NQXkAEEEpe.jpg'],45,101,887,"['#coronavirus', '#covid19', '#fauci', '#alertnotanxious']",[],https://twitter.com/RealDoctorMike/status/1243985145020977152,False,,0,New York,,,,,,"[{'user_id': '1526321732', 'username': 'RealDoctorMike'}, {'user_id': '146569971', 'username': 'CDCgov'}, {'user_id': '15134240', 'username': 'NIH'}, {'user_id': '10228272', 'username': 'YouTube'}, {'user_id': '239760107', 'username': 'ytcreators'}, {'user_id': '14499829', 'username': 'WHO'}, {'user_id': '14500190', 'username': 'aafp'}, {'user_id': '273614983', 'username': 'AOAforDOs'}]",,,,
1243973618494734338,1243973618494734338,1585421397000,2020-03-28,21:49:57,×©×¢×•×Ÿ ×§×™×¥ ×™×¨×•×©×œ×™×,16534053,paulglader,Paul Glader,"Montclair, NJ","Also, I am already looking forward to the stream of #coronavirusmemes and Gifs around haircuts in the time of #coronavirus #CoronaLockdown #COVID19 #Covid_19 #COVID #SocialDistancing #SaturdayThoughts #CoronavirusOutbreak #CoronavirusPandemic pic.twitter.com/gQbquzxepr",[],[],[],0,0,0,"['#coronavirusmemes', '#coronavirus', '#coronalockdown', '#covid19', '#covid_19', '#covid', '#socialdistancing', '#saturdaythoughts', '#coronavirusoutbreak', '#coronaviruspandemic']",[],https://twitter.com/PaulGlader/status/1243973618494734338,False,,1,New York,,,,,,"[{'user_id': '16534053', 'username': 'PaulGlader'}]",,,,
1243955394847952896,1243955394847952896,1585417052000,2020-03-28,20:37:32,×©×¢×•×Ÿ ×§×™×¥ ×™×¨×•×©×œ×™×,22656149,juanmabenitez,Juan Manuel BenÃ­tez,"Manhattan, NY","Yesterday, I spoke with @MarkLevineNYC about his #coronavirus symptoms, NYC open playgrounds and how @nycgov and @WhiteHouse are doing in this #COVID19 crisis (en espaÃ±ol) @NY1noticias pic.twitter.com/rLsKWTnuRM","['marklevinenyc', 'nycgov', 'whitehouse', 'ny1noticias']",[],[],4,9,30,"['#coronavirus', '#covid19']",[],https://twitter.com/JuanMaBenitez/status/1243955394847952896,False,,1,New York,,,,,,"[{'user_id': '22656149', 'username': 'JuanMaBenitez'}, {'user_id': '17143007', 'username': 'MarkLevineNYC'}, {'user_id': '250884927', 'username': 'nycgov'}, {'user_id': '822215673812119553', 'username': 'WhiteHouse'}, {'user_id': '44488446', 'username': 'NY1noticias'}]",,,,
1243940401351974912,1243940401351974912,1585413477000,2020-03-28,19:37:57,×©×¢×•×Ÿ ×§×™×¥ ×™×¨×•×©×œ×™×,208106840,kevrincon,Kevin Rincon,"Jersey City, NJ","52,318 positive cases of #COVID19 have now been reported in New York. Governor Cuomo reports 728 deaths statewide tied to the coronavirus outbreak.",[],[],[],2,17,22,['#covid19'],[],https://twitter.com/KevRincon/status/1243940401351974912,False,,0,New York,,,,,,"[{'user_id': '208106840', 'username': 'KevRincon'}]",,,,
1243939857786974208,1243939857786974208,1585413348000,2020-03-28,19:35:48,×©×¢×•×Ÿ ×§×™×¥ ×™×¨×•×©×œ×™×,208106840,kevrincon,Kevin Rincon,"Jersey City, NJ","67 people died in NYC overnight from #COVID19. There have now been 517 fatalities tied to the coronavirus in the city, along with a total of 29,158 confirmed cases.",[],[],[],2,5,5,['#covid19'],[],https://twitter.com/KevRincon/status/1243939857786974208,False,,0,New York,,,,,,"[{'user_id': '208106840', 'username': 'KevRincon'}]",,,,
1243939600416026625,1243939600416026625,1585413286000,2020-03-28,19:34:46,×©×¢×•×Ÿ ×§×™×¥ ×™×¨×•×©×œ×™×,16534053,paulglader,Paul Glader,"Montclair, NJ",Why Mister Rogers Is Worth Watching During Coronavirus Quarantines  https://religionunplugged.com/news/2020/3/17/why-mister-rogers-is-worth-watching-during-coronavirus-quarantinesÂ â€¦ Here is my take on why Fred Rogers is a good cultural antidote during #COVID19 #Covid_19 #CoronavirusUSA #CoronavirusNewYork #CoronaVirusUpdate #StayAtHomeAndStaySafe #SaturdayMotivation,[],['https://religionunplugged.com/news/2020/3/17/why-mister-rogers-is-worth-watching-during-coronavirus-quarantines'],[],0,1,2,"['#covid19', '#covid_19', '#coronavirususa', '#coronavirusnewyork', '#coronavirusupdate', '#stayathomeandstaysafe', '#saturdaymotivation']",[],https://twitter.com/PaulGlader/status/1243939600416026625,False,,0,New York,,,,,,"[{'user_id': '16534053', 'username': 'PaulGlader'}]",,,,
1243936266284081152,1243936266284081152,1585412491000,2020-03-28,19:21:31,×©×¢×•×Ÿ ×§×™×¥ ×™×¨×•×©×œ×™×,23470695,joshuahoyos,Joshua Hoyos,"Manhattan, NY",Cuomo: the apex remains to be 14-21 days - changes on the modeling forecasts #covid19 #coronavirus,[],[],[],1,4,2,"['#covid19', '#coronavirus']",[],https://twitter.com/JoshuaHoyos/status/1243936266284081152,False,,0,New York,,,,,,"[{'user_id': '23470695', 'username': 'JoshuaHoyos'}]",,,,
1243908609010020352,1243908609010020352,1585405897000,2020-03-28,17:31:37,×©×¢×•×Ÿ ×§×™×¥ ×™×¨×•×©×œ×™×,4068821,godfree,Danny PeÃ±a,"Manhattan, NY",Week 2 in NYC. #coronavirus #covid_19 #nycshutdown pic.twitter.com/aiskvtyEIi,[],[],['https://pbs.twimg.com/media/EUNASM8X0AceIrV.jpg'],17,0,31,"['#coronavirus', '#covid_19', '#nycshutdown']",[],https://twitter.com/godfree/status/1243908609010020352,False,,0,New York,,,,,,"[{'user_id': '4068821', 'username': 'godfree'}]",,,,
1243881370067382276,1243881370067382276,1585399403000,2020-03-28,15:43:23,×©×¢×•×Ÿ ×§×™×¥ ×™×¨×•×©×œ×™×,3299903945,left_voice,Left Voice,NYC Health + Hospitals/Jacobi,"Healthcare workers and community members held an action at Jacobi Medical Center in the Bronx to speak out against inadequate PPE, staffing and supplies during the coronavirus crisis.

Sean Petty, RN in the pediatric emergency room at Jacobi Hospital.

#GetMePPE #Covid_19 pic.twitter.com/E2h0wcglQY",[],[],[],1,11,11,"['#getmeppe', '#covid_19']",[],https://twitter.com/left_voice/status/1243881370067382276,False,,1,New York,,,,,,"[{'user_id': '3299903945', 'username': 'left_voice'}]",,,,
1243875711749746688,1243875711749746688,1585398054000,2020-03-28,15:20:54,×©×¢×•×Ÿ ×§×™×¥ ×™×¨×•×©×œ×™×,29884812,ryanriback,Ryan Riback,"Manhattan, NY","#stayhome #covid_19 #coronavirus @ New York, New York  https://www.instagram.com/p/B-RvC2MhWSv/?igshid=s6323e2qvmytÂ â€¦",[],['https://www.instagram.com/p/B-RvC2MhWSv/?igshid=s6323e2qvmyt'],[],0,0,1,"['#stayhome', '#covid_19', '#coronavirus']",[],https://twitter.com/ryanriback/status/1243875711749746688,False,,0,New York,,,,,,"[{'user_id': '29884812', 'username': 'ryanriback'}]",,,,
1243725371255721986,1243725371255721986,1585362210000,2020-03-28,05:23:30,×©×¢×•×Ÿ ×§×™×¥ ×™×¨×•×©×œ×™×,225709644,breakinnewsboy,Darren McQuade,"Manhattan, NY","The #JavitsCenter, one of the worlds largest event spaces has been transformed into a 1000 bed overflow hospital to help fight #coronavirus.

@NYGovCuomo is trying to open 4 more makeshift #hospitals, one in each #NYC borough.

@jamesfordtv
#Covid_19 #COVID2019 #NY
#PIX11NEWS pic.twitter.com/bbtYjb0b86","['nygovcuomo', 'jamesfordtv']",[],[],3,26,42,"['#javitscenter', '#coronavirus', '#hospitals', '#nyc', '#covid_19', '#covid2019', '#ny', '#pix11news']",[],https://twitter.com/BreakinNewsBoy/status/1243725371255721986,False,,1,New York,,,,,,"[{'user_id': '225709644', 'username': 'BreakinNewsBoy'}, {'user_id': '232268199', 'username': 'NYGovCuomo'}, {'user_id': '20951281', 'username': 'jamesfordtv'}]",,,,
1243657937157054464,1243657937157054464,1585346132000,2020-03-28,00:55:32,×©×¢×•×Ÿ ×§×™×¥ ×™×¨×•×©×œ×™×,23470695,joshuahoyos,Joshua Hoyos,"Manhattan, NY","There are at least 100,717 positive cases of #COVID19 in the United States, according to Johnâ€™s Hopkins Universityâ€™s tally. 
#coronavirus",[],[],[],0,0,1,"['#covid19', '#coronavirus']",[],https://twitter.com/JoshuaHoyos/status/1243657937157054464,False,,0,New York,,,,,,"[{'user_id': '23470695', 'username': 'JoshuaHoyos'}]",,,,
1243646548396912640,1243646548396912640,1585343417000,2020-03-28,00:10:17,×©×¢×•×Ÿ ×§×™×¥ ×™×¨×•×©×œ×™×,23470695,joshuahoyos,Joshua Hoyos,"Manhattan, NY",de Blasio says April 5 is the day he is worried about no longer having the resources New York City needs to fight the #coronavirus #covid19,[],[],[],0,2,3,"['#coronavirus', '#covid19']",[],https://twitter.com/JoshuaHoyos/status/1243646548396912640,False,,0,New York,,,,,,"[{'user_id': '23470695', 'username': 'JoshuaHoyos'}]",,,,
1243630337634250759,1243630337634250759,1585339552000,2020-03-27,23:05:52,×©×¢×•×Ÿ ×§×™×¥ ×™×¨×•×©×œ×™×,383647766,gregjkrieg,Greg Krieg,"Brooklyn, NY","Pressley, who had flu-like symptoms and has been self-quarantining, *negative* for the coronavirus: â€œI am relieved to report that I have tested negative for COVID-19.â€ 
Statement: pic.twitter.com/hPiVjE5uds",[],[],['https://pbs.twimg.com/media/EUJDMrPXQAAgWsQ.jpg'],1,4,22,[],[],https://twitter.com/GregJKrieg/status/1243630337634250759,False,,0,New York,,,,,,"[{'user_id': '383647766', 'username': 'GregJKrieg'}]",,,,
1243594918683127809,1243594918683127809,1585331108000,2020-03-27,20:45:08,×©×¢×•×Ÿ ×§×™×¥ ×™×¨×•×©×œ×™×,17290350,lennonbus,John Lennon Bus,"Manhattan, NY","What @johnlennon song is getting you through this difficult time? â˜®ï¸â£
â£
ğŸ“¸: @bobgruen01 
â£
#johnlennon #thebeatles #coronavirus #covid19 #peace #imagine #imaginepeace #cometogether #stuckathome #quarantine #musicislife pic.twitter.com/NkDrPbY0EF","['johnlennon', 'bobgruen01']",[],['https://pbs.twimg.com/media/EUIi-74XkAUGgNC.jpg'],8,7,19,"['#johnlennon', '#thebeatles', '#coronavirus', '#covid19', '#peace', '#imagine', '#imaginepeace', '#cometogether', '#stuckathome', '#quarantine', '#musicislife']",[],https://twitter.com/lennonbus/status/1243594918683127809,False,,0,New York,,,,,,"[{'user_id': '17290350', 'username': 'lennonbus'}, {'user_id': '539004555', 'username': 'johnlennon'}, {'user_id': '69635596', 'username': 'bobgruen01'}, {'user_id': '17681513', 'username': 'yokoono'}, {'user_id': '509140285', 'username': 'USAudioTechnica'}, {'user_id': '15517751', 'username': 'YamahaMusicUSA'}, {'user_id': '3093186839', 'username': 'OWCsolutions'}, {'user_id': '78522977', 'username': 'Genelec'}, {'user_id': '121708013', 'username': 'NeutrikOfficial'}, {'user_id': '921439498680127488', 'username': 'GRAMMYMusicEd'}, {'user_id': '58744208', 'username': 'KoenigundMeyer'}]",,,,
1243574950142803971,1243574950142803971,1585326347000,2020-03-27,19:25:47,×©×¢×•×Ÿ ×§×™×¥ ×™×¨×•×©×œ×™×,27733550,pfro,Paula Froelich ğŸ¤”,"Manhattan, NY",A beautiful day in #nyc ... spring has sprung and everyone is stuck inside... except for a few walks here and there. Stay safe. #covid_19 #coronavirus #pandemic2020 #pandemic #outbreak #quarantinelife @ Washingtonâ€¦  https://www.instagram.com/p/B-PmRfkgB3i/?igshid=1cvmemxh9ydl4Â â€¦,[],['https://www.instagram.com/p/B-PmRfkgB3i/?igshid=1cvmemxh9ydl4'],[],0,0,3,"['#nyc', '#covid_19', '#coronavirus', '#pandemic2020', '#pandemic', '#outbreak', '#quarantinelife']",[],https://twitter.com/Pfro/status/1243574950142803971,False,,0,New York,,,,,,"[{'user_id': '27733550', 'username': 'Pfro'}]",,,,
1243574288839475201,1243574288839475201,1585326189000,2020-03-27,19:23:09,×©×¢×•×Ÿ ×§×™×¥ ×™×¨×•×©×œ×™×,191681725,leeabbamonte,Lee Abbamonte,"Manhattan, NY",The worst thing about these #COVID19 and obviously all deaths during this time is that they canâ€™t even have a proper funeral. So sad. #coronavirus,[],[],[],3,1,11,"['#covid19', '#coronavirus']",[],https://twitter.com/LeeAbbamonte/status/1243574288839475201,False,,0,New York,,,,,,"[{'user_id': '191681725', 'username': 'LeeAbbamonte'}]",,,,
1243570316548419585,1243570316548419585,1585325242000,2020-03-27,19:07:22,×©×¢×•×Ÿ ×§×™×¥ ×™×¨×•×©×œ×™×,2838926055,anieakpe,Anie Akpe,"New York, NY","#PressConference: @NYGovCuomo just gave a war time speech to New Yorkers.  

Very touching! 

#COVID19 #coronavirus",['nygovcuomo'],[],[],0,1,0,"['#pressconference', '#covid19', '#coronavirus']",[],https://twitter.com/AnieAkpe/status/1243570316548419585,False,,0,New York,,,,,,"[{'user_id': '2838926055', 'username': 'AnieAkpe'}, {'user_id': '232268199', 'username': 'NYGovCuomo'}]",,,,
1243569526849101826,1243569526849101826,1585325054000,2020-03-27,19:04:14,×©×¢×•×Ÿ ×§×™×¥ ×™×¨×•×©×œ×™×,2838926055,anieakpe,Anie Akpe,"New York, NY","#PressConference: @NYGovCuomo has over 10k people volunteering to counsel NY. 

Plus heâ€™s giving daily updates on #COVID19 which also helps to put a perspective on things. 

Weâ€™re reminded this could take weeks. 

NY now has 44k positive cases 

#CoronaLockdown #coronavirus",['nygovcuomo'],[],[],0,1,1,"['#pressconference', '#covid19', '#coronalockdown', '#coronavirus']",[],https://twitter.com/AnieAkpe/status/1243569526849101826,False,,0,New York,,,,,,"[{'user_id': '2838926055', 'username': 'AnieAkpe'}, {'user_id': '232268199', 'username': 'NYGovCuomo'}]",,,,
1243567942345928705,1243562919033540610,1585324676000,2020-03-27,18:57:56,×©×¢×•×Ÿ ×§×™×¥ ×™×¨×•×©×œ×™×,23470695,joshuahoyos,Joshua Hoyos,"Manhattan, NY","So far 62,447 retired medical staff have come forward to volunteer in the state of New York to help alleviate the strain on healthcare workers, Cuomo announces. #coronavirus #covid19",[],[],[],2,0,1,"['#coronavirus', '#covid19']",[],https://twitter.com/JoshuaHoyos/status/1243567942345928705,False,,0,New York,,,,,,"[{'user_id': '23470695', 'username': 'JoshuaHoyos'}]",,,,
1243563103285108739,1243562919033540610,1585323522000,2020-03-27,18:38:42,×©×¢×•×Ÿ ×§×™×¥ ×™×¨×•×©×œ×™×,23470695,joshuahoyos,Joshua Hoyos,"Manhattan, NY","About 21 days until a â€œpossible apexâ€ for the State of New York, per Cuomo #covid19 #coronavirus",[],[],[],1,2,1,"['#covid19', '#coronavirus']",[],https://twitter.com/JoshuaHoyos/status/1243563103285108739,False,,0,New York,,,,,,"[{'user_id': '23470695', 'username': 'JoshuaHoyos'}]",,,,
1243554318369751040,1243554318369751040,1585321428000,2020-03-27,18:03:48,×©×¢×•×Ÿ ×§×™×¥ ×™×¨×•×©×œ×™×,2762583461,kylemazzawunf,Kyle Mazza,"Fair Lawn, NJ","UPDATED: Fair Lawn, NJ now has 70 cases of #covid19 #coronavirus",[],[],[],2,3,0,"['#covid19', '#coronavirus']",[],https://twitter.com/KyleMazzaWUNF/status/1243554318369751040,False,,0,New York,,,,,,"[{'user_id': '2762583461', 'username': 'KyleMazzaWUNF'}]",,,,
1243519110769782784,1243519110769782784,1585313034000,2020-03-27,15:43:54,×©×¢×•×Ÿ ×§×™×¥ ×™×¨×•×©×œ×™×,15415604,jamiaw,jamiaw,"Manhattan, NY",Coronavirus: Boris Johnson tests positive for COVID-19 https://news.sky.com/story/coronavirus-boris-johnson-tests-positive-for-covid-19-11964493Â â€¦,[],['https://news.sky.com/story/coronavirus-boris-johnson-tests-positive-for-covid-19-11964493'],[],1,0,0,[],[],https://twitter.com/jamiaw/status/1243519110769782784,False,,0,New York,,,,,,"[{'user_id': '15415604', 'username': 'jamiaw'}]",,,,
1243516955153387525,1243516955153387525,1585312520000,2020-03-27,15:35:20,×©×¢×•×Ÿ ×§×™×¥ ×™×¨×•×©×œ×™×,454311887,gormoexjourno,Ryan Gorman,"Queens, NY","Since itâ€™s going to be 65 degrees today, can I open my windows? (Serious question)

#COVID19 #coronavirus",[],[],[],2,1,0,"['#covid19', '#coronavirus']",[],https://twitter.com/GormoExJourno/status/1243516955153387525,False,,0,New York,,,,,,"[{'user_id': '454311887', 'username': 'GormoExJourno'}]",,,,
1243516690123706368,1243505483568353281,1585312457000,2020-03-27,15:34:17,×©×¢×•×Ÿ ×§×™×¥ ×™×¨×•×©×œ×™×,227648230,davepricetv,Dave Price,"Manhattan, NY","We are all in this together.  When one hurts, we all hurt. Where light shines, it shines upon each of us.  Let goodness be the contagion that spreads. #TODAY #DrewBrees #CoronaLockdown #coronavirus #COVID19 #NOLA @hodakotb","['todayshow', 'hodakotb']",[],[],2,3,79,"['#today', '#drewbrees', '#coronalockdown', '#coronavirus', '#covid19', '#nola']",[],https://twitter.com/DavePriceTV/status/1243516690123706368,False,,0,New York,,,,,,"[{'user_id': '227648230', 'username': 'DavePriceTV'}, {'user_id': '7744592', 'username': 'TODAYshow'}, {'user_id': '25321854', 'username': 'hodakotb'}]",,,,
1243505848896442368,1243505848896442368,1585309872000,2020-03-27,14:51:12,×©×¢×•×Ÿ ×§×™×¥ ×™×¨×•×©×œ×™×,773600556,jonesroly,Roland Wyn Jones ğŸ´ó §ó ¢ó ·ó ¬ó ³ó ¿&ğŸ‡¬ğŸ‡§&ğŸ‡ºğŸ‡¸inğŸ—½,"Manhattan, NY",Get well soon Boris! Doing a great job fighting #COVID19 #coronavirus #BorisJohnson https://twitter.com/BorisJohnson/status/1243496858095411200Â â€¦,[],['https://twitter.com/BorisJohnson/status/1243496858095411200'],[],0,0,0,"['#covid19', '#coronavirus', '#borisjohnson']",[],https://twitter.com/JonesRoly/status/1243505848896442368,False,https://twitter.com/BorisJohnson/status/1243496858095411200,0,New York,,,,,,"[{'user_id': '773600556', 'username': 'JonesRoly'}]",,,,
1243502955627794433,1243502955627794433,1585309182000,2020-03-27,14:39:42,×©×¢×•×Ÿ ×§×™×¥ ×™×¨×•×©×œ×™×,227648230,davepricetv,Dave Price,"Manhattan, NY",For anyone who ever thought that being funny somehow disqualifies you from delivering information of consequence.  This. A brilliant use of 10 minutes w/ #DrFauci. A concise interview packed w/ valuable information. Journo students â€” take note.  @Trevornoah #coronavirus #COVID19 https://twitter.com/TheDailyShow/status/1243387606269751298Â â€¦,['trevornoah'],['https://twitter.com/TheDailyShow/status/1243387606269751298'],[],0,1,13,"['#drfauci', '#coronavirus', '#covid19']",[],https://twitter.com/DavePriceTV/status/1243502955627794433,False,https://twitter.com/TheDailyShow/status/1243387606269751298,0,New York,,,,,,"[{'user_id': '227648230', 'username': 'DavePriceTV'}, {'user_id': '46335511', 'username': 'Trevornoah'}]",,,,
1243359367392423937,1243359367392423937,1585274948000,2020-03-27,05:09:08,×©×¢×•×Ÿ ×§×™×¥ ×™×¨×•×©×œ×™×,225709644,breakinnewsboy,Darren McQuade,"Manhattan, NY","Yesterday 13 People died from #CoronaVirus at #ElmhurstHospital in #Queens. 

Doctors inside say they donâ€™t have enough support. 

Neighbors arenâ€™t happy with the response. 

EMT Unions are reporting a surge in calls.

@jamesfordtv
#COVID19 #CoronavirusNewYork #NYC
#PIX11NEWS pic.twitter.com/T4qqCtF5Bu",['jamesfordtv'],[],[],2,11,14,"['#coronavirus', '#elmhursthospital', '#queens', '#covid19', '#coronavirusnewyork', '#nyc', '#pix11news']",[],https://twitter.com/BreakinNewsBoy/status/1243359367392423937,False,,1,New York,,,,,,"[{'user_id': '225709644', 'username': 'BreakinNewsBoy'}, {'user_id': '20951281', 'username': 'jamesfordtv'}]",,,,
1243317405641781253,1243317405641781253,1585264943000,2020-03-27,01:22:23,×©×¢×•×Ÿ ×§×™×¥ ×™×¨×•×©×œ×™×,225709644,breakinnewsboy,Darren McQuade,"Queens, NY","Photo: A man appears to pray as he waits to get tested for #coronavirus at #ElmhurstHospital in #Queens.

#COVID19 #news #CoronavirusOubreak #NYC #coronavirusny
#PIX11NEWS pic.twitter.com/EYJyhgXKMv",[],[],['https://pbs.twimg.com/media/EUEmlhLXkAouIip.jpg'],3,8,23,"['#coronavirus', '#elmhursthospital', '#queens', '#covid19', '#news', '#coronavirusoubreak', '#nyc', '#coronavirusny', '#pix11news']",[],https://twitter.com/BreakinNewsBoy/status/1243317405641781253,False,,0,New York,,,,,,"[{'user_id': '225709644', 'username': 'BreakinNewsBoy'}]",,,,
1243301349573505025,1243301349573505025,1585261115000,2020-03-27,00:18:35,×©×¢×•×Ÿ ×§×™×¥ ×™×¨×•×©×œ×™×,191681725,leeabbamonte,Lee Abbamonte,"Manhattan, NY",The biggest regret weâ€™ll have as a country post #coronavirus is that we had fair warning & the results were easily predictable yet we didnâ€™t act in time or aggressively enough. Many lives couldâ€™ve & shouldâ€™ve been saved. Thatâ€™s a colossal failure of leadership. #COVID19,[],[],[],1,2,24,"['#coronavirus', '#covid19']",[],https://twitter.com/LeeAbbamonte/status/1243301349573505025,False,,0,New York,,,,,,"[{'user_id': '191681725', 'username': 'LeeAbbamonte'}]",,,,
1243296904815001601,1243291627025772549,1585260056000,2020-03-27,00:00:56,×©×¢×•×Ÿ ×§×™×¥ ×™×¨×•×©×œ×™×,15263106,travelinglens,Vivienne Gucwa,"Brooklyn, NY","Covid-19, Coronavirus Day 6 ğŸ¤•

a video update in 3 parts because inexplicably I cannot upload longer videos here 

Part 3

#COVID2019 #coronavirus #Covid_19 #nyc pic.twitter.com/HkJGsbgXIx",[],[],[],3,2,16,"['#covid2019', '#coronavirus', '#covid_19', '#nyc']",[],https://twitter.com/travelinglens/status/1243296904815001601,False,,1,New York,,,,,,"[{'user_id': '15263106', 'username': 'travelinglens'}]",,,,
1243294545305128961,1243291627025772549,1585259493000,2020-03-26,23:51:33,×©×¢×•×Ÿ ×§×™×¥ ×™×¨×•×©×œ×™×,15263106,travelinglens,Vivienne Gucwa,"Brooklyn, NY","Covid-19, Coronavirus Day 6 ğŸ¤•

a video update in 3 parts because inexplicably I cannot upload longer videos here 

Part 2

#COVID2019 #coronavirus #Covid_19 #nyc pic.twitter.com/vsaMl0g98l",[],[],[],2,1,12,"['#covid2019', '#coronavirus', '#covid_19', '#nyc']",[],https://twitter.com/travelinglens/status/1243294545305128961,False,,1,New York,,,,,,"[{'user_id': '15263106', 'username': 'travelinglens'}]",,,,
1243291627025772549,1243291627025772549,1585258797000,2020-03-26,23:39:57,×©×¢×•×Ÿ ×§×™×¥ ×™×¨×•×©×œ×™×,15263106,travelinglens,Vivienne Gucwa,"Brooklyn, NY","Covid-19, Coronavirus Day 6 ğŸ¤•

a video update in 3 parts because inexplicably I cannot upload longer videos here 

Part 1

#COVID2019 #coronavirus #Covid_19 #nyc pic.twitter.com/WZKvgJS0LW",[],[],[],5,4,35,"['#covid2019', '#coronavirus', '#covid_19', '#nyc']",[],https://twitter.com/travelinglens/status/1243291627025772549,False,,1,New York,,,,,,"[{'user_id': '15263106', 'username': 'travelinglens'}]",,,,
1243290975373594630,1243290975373594630,1585258642000,2020-03-26,23:37:22,×©×¢×•×Ÿ ×§×™×¥ ×™×¨×•×©×œ×™×,134908142,digitalarun,Arun Sundararajan,"Manhattan, NY","the US now has more diagnosed  #covid-19 cases than China or Italy. 
source:  https://www.worldometers.info/coronavirus/Â  #coronavirus pic.twitter.com/PDokTyVWKI",[],['https://www.worldometers.info/coronavirus/'],['https://pbs.twimg.com/media/EUEOjQNXsAMikgj.jpg'],0,4,2,"['#covid', '#coronavirus']",[],https://twitter.com/digitalarun/status/1243290975373594630,False,,0,New York,,,,,,"[{'user_id': '134908142', 'username': 'digitalarun'}]",,,,
1243280779070836748,1243280779070836748,1585256211000,2020-03-26,22:56:51,×©×¢×•×Ÿ ×§×™×¥ ×™×¨×•×©×œ×™×,1095983808,veronatownship,Township of Verona,"Verona, NJ","This afternoon, the Montclair Health Department increased the number of residents of Verona who have tested positive with novel Coronavirus disease 2019 (COVID-19) to five.  This includes one additional caseâ€¦  https://www.instagram.com/p/B-Ngf2pjVmm/?igshid=1r3norlhrvvovÂ â€¦",[],['https://www.instagram.com/p/B-Ngf2pjVmm/?igshid=1r3norlhrvvov'],[],0,0,0,[],[],https://twitter.com/VeronaTownship/status/1243280779070836748,False,,0,New York,,,,,,"[{'user_id': '1095983808', 'username': 'VeronaTownship'}]",,,,
1243236896769269762,1243236896769269762,1585245749000,2020-03-26,20:02:29,×©×¢×•×Ÿ ×§×™×¥ ×™×¨×•×©×œ×™×,17611773,mollystarkdean,Molly ğŸ“° Stark ğŸ¤“ Dean,"Brooklyn, NY",I remember all of the amazing people I met over the years of learning and teaching newsrooms in #China. We are all surviving the same global health crisis. #China #coronavirus #covid_19 #healthcare ğŸ‡¨ğŸ‡³ğŸ‡ºğŸ‡¸ #ThrowbackThursday pic.twitter.com/W5ZP93ebTu,[],[],['https://pbs.twimg.com/media/EUDdXVMXkAEjM95.jpg'],0,0,0,"['#china', '#china', '#coronavirus', '#covid_19', '#healthcare', '#throwbackthursday']",[],https://twitter.com/mollystarkdean/status/1243236896769269762,False,,0,New York,,,,,,"[{'user_id': '17611773', 'username': 'mollystarkdean'}]",,,,
1243229433210732544,1243229433210732544,1585243969000,2020-03-26,19:32:49,×©×¢×•×Ÿ ×§×™×¥ ×™×¨×•×©×œ×™×,2762583461,kylemazzawunf,Kyle Mazza,"Fair Lawn, NJ","BREAKING: Fair Lawn, NJ now has 61 cases of #covid19 #coronavirus",[],[],[],0,2,1,"['#covid19', '#coronavirus']",[],https://twitter.com/KyleMazzaWUNF/status/1243229433210732544,False,,0,New York,,,,,,"[{'user_id': '2762583461', 'username': 'KyleMazzaWUNF'}]",,,,
1243224180931342344,1243224180931342344,1585242717000,2020-03-26,19:11:57,×©×¢×•×Ÿ ×§×™×¥ ×™×¨×•×©×œ×™×,3033714667,mrossnews,Michelle Arezou Ross,"Bronx, NY","Heading to work. 12 out of 14 riders (including myself) on the subway using masks or improvising with their scarf. 

#COVID19
#Coronavirus
#Masks
@News12BX
@News12BK pic.twitter.com/sGd38E2gdB","['news12bx', 'news12bk']",[],[],2,1,7,"['#covid19', '#coronavirus', '#masks']",[],https://twitter.com/MRossNews/status/1243224180931342344,False,,1,New York,,,,,,"[{'user_id': '3033714667', 'username': 'MRossNews'}, {'user_id': '38250495', 'username': 'News12BX'}, {'user_id': '38259234', 'username': 'News12BK'}]",,,,
1243214978741665795,1243214978741665795,1585240523000,2020-03-26,18:35:23,×©×¢×•×Ÿ ×§×™×¥ ×™×¨×•×©×œ×™×,2255449866,nypd9pct,NYPD 9th Precinct,"Manhattan, NY","While we want you to keep updated with our tweets, for the latest ğŸ¦  #COVID19 related updates, we suggest these accts.: @NYPDnews @CDCgov @nycHealthy @nycgov @NYCHealthCommr @NYCHealthSystem @US_FDA; and hashtags: #SARSCoV2 #Coronavirus #COVID19 #COVID #COVIDãƒ¼19","['nypdnews', 'cdcgov', 'nychealthy', 'nycgov', 'nychealthcommr', 'nychealthsystem', 'us_fda']",[],[],0,0,9,"['#covid19', '#sarscov2', '#coronavirus', '#covid19', '#covid', '#covidãƒ¼19']",[],https://twitter.com/NYPD9Pct/status/1243214978741665795,False,,0,New York,,,,,,"[{'user_id': '2255449866', 'username': 'NYPD9Pct'}, {'user_id': '17393196', 'username': 'NYPDnews'}, {'user_id': '146569971', 'username': 'CDCgov'}, {'user_id': '17997467', 'username': 'nycHealthy'}, {'user_id': '250884927', 'username': 'nycgov'}, {'user_id': '2350222669', 'username': 'NYCHealthCommr'}, {'user_id': '65073830', 'username': 'NYCHealthSystem'}, {'user_id': '208120290', 'username': 'US_FDA'}]",,,,
1243209717192822784,1243209717192822784,1585239268000,2020-03-26,18:14:28,×©×¢×•×Ÿ ×§×™×¥ ×™×¨×•×©×œ×™×,351076863,kentuncbc,Melissa Kent,"Manhattan, NY","New York now has 37,258 confirmed #coronavirus cases says @NYGovCuomo 

*5,327 are hospitalized
*1,290 in ICU 
*385 ppl have died
*1,517 patients discharged 

Cuomo says #Covid19 patients are on ventilators 11-21 days compared w/ avg. of 3-4 days for non-Covid-related illnesses",['nygovcuomo'],[],[],0,2,0,"['#coronavirus', '#covid19']",[],https://twitter.com/KentUNCBC/status/1243209717192822784,False,,0,New York,,,,,,"[{'user_id': '351076863', 'username': 'KentUNCBC'}, {'user_id': '232268199', 'username': 'NYGovCuomo'}]",,,,
1243207191609389056,1243207191609389056,1585238666000,2020-03-26,18:04:26,×©×¢×•×Ÿ ×§×™×¥ ×™×¨×•×©×œ×™×,2838926055,anieakpe,Anie Akpe,"New York, NY","Every time I watch the press conferences & the number of people that are positive in NY, I always think about how #NIGERIA & others throughout #Africa interact on a daily bases. 

NYC has 21,000 positive cases. We take mass transport similar interactions 

#COVID19 #coronavirus",[],[],[],0,0,0,"['#nigeria', '#africa', '#covid19', '#coronavirus']",[],https://twitter.com/AnieAkpe/status/1243207191609389056,False,,0,New York,,,,,,"[{'user_id': '2838926055', 'username': 'AnieAkpe'}]",,,,
1243205506627444736,1243205506627444736,1585238265000,2020-03-26,17:57:45,×©×¢×•×Ÿ ×§×™×¥ ×™×¨×•×©×œ×™×,2838926055,anieakpe,Anie Akpe,"New York, NY","Wow 37k people in NY tested positive. 

5k hospitalized  

#COVID19 #coronavirus",[],[],[],1,1,1,"['#covid19', '#coronavirus']",[],https://twitter.com/AnieAkpe/status/1243205506627444736,False,,0,New York,,,,,,"[{'user_id': '2838926055', 'username': 'AnieAkpe'}]",,,,
1243204433338675201,1243204433338675201,1585238009000,2020-03-26,17:53:29,×©×¢×•×Ÿ ×§×™×¥ ×™×¨×•×©×œ×™×,2838926055,anieakpe,Anie Akpe,"New York, NY","#Pressconference: @NYGovCuomo mentioned that the longer youâ€™re on a ventilator the less of a chance you have of pulling through it. 

#COVID19 #coronavirus #CoronavirusNewYork",['nygovcuomo'],[],[],0,0,0,"['#pressconference', '#covid19', '#coronavirus', '#coronavirusnewyork']",[],https://twitter.com/AnieAkpe/status/1243204433338675201,False,,0,New York,,,,,,"[{'user_id': '2838926055', 'username': 'AnieAkpe'}, {'user_id': '232268199', 'username': 'NYGovCuomo'}]",,,,
1243171925960142848,1243171925960142848,1585230258000,2020-03-26,15:44:18,×©×¢×•×Ÿ ×§×™×¥ ×™×¨×•×©×œ×™×,24779833,claudebrodesser,Claude Brodesser-Akner,"Maplewood, NJ","Noah survived the flood that killed everyone else by waiting 40 days and 40 nights for the waters to recede. America can hold out more than 14 days.
ğŸŒŠ ğŸŒŠ ğŸŒŠ ğŸ•Š ğŸŒŠ ğŸŒŠ ğŸŒŠ
#EasterBunny #COVID19 #coronavirus https://nyti.ms/33PWU8uÂ ",[],['https://nyti.ms/33PWU8u'],[],0,2,3,"['#easterbunny', '#covid19', '#coronavirus']",[],https://twitter.com/ClaudeBrodesser/status/1243171925960142848,False,,0,New York,,,,,,"[{'user_id': '24779833', 'username': 'ClaudeBrodesser'}]",,,,
1243170814494740480,1243170814494740480,1585229993000,2020-03-26,15:39:53,×©×¢×•×Ÿ ×§×™×¥ ×™×¨×•×©×œ×™×,1526321732,realdoctormike,Dr. Mike Varshavski,"Manhattan, NY",To see celebrities start peddling antivaxx theories during a #coronavirus pandemic thatâ€™s claimed thousands of lives (even with huge lockdowns) is beyond reprehensible. ğŸ‘ğŸ¼ğŸ‘ğŸ¼ #COVID19 #AlertNotAnxious https://twitter.com/MIAuniverse/status/1242815993107361792Â â€¦,[],['https://twitter.com/MIAuniverse/status/1242815993107361792'],[],99,463,3208,"['#coronavirus', '#covid19', '#alertnotanxious']",[],https://twitter.com/RealDoctorMike/status/1243170814494740480,False,https://twitter.com/MIAuniverse/status/1242815993107361792,0,New York,,,,,,"[{'user_id': '1526321732', 'username': 'RealDoctorMike'}]",,,,
1243133565325529089,1243133565325529089,1585221112000,2020-03-26,13:11:52,×©×¢×•×Ÿ ×§×™×¥ ×™×¨×•×©×œ×™×,17282363,michael_hendrix,Michael Hendrix,"Brooklyn, NY","Anecdotally, coronavirus is not only more real for New Yorkers this week, but itâ€™s creeping closer to home. 

And with our current failures in testing, there are significantly more cases of COVID-19 in NYC than official numbers show.",[],[],[],0,3,4,[],[],https://twitter.com/michael_hendrix/status/1243133565325529089,False,,0,New York,,,,,,"[{'user_id': '17282363', 'username': 'michael_hendrix'}]",,,,
1243019903134818304,1243019903134818304,1585194013000,2020-03-26,05:40:13,×©×¢×•×Ÿ ×§×™×¥ ×™×¨×•×©×œ×™×,246970040,istanbultelaviv,Louis Fishman,"Brooklyn, NY","Another night, new numbers. Perhaps more important than the growing numbers is the fact NYC hospital beds are quickly filling up. By Friday the ICU beds will have met capacity. Every 4.5 days number of hospital patients to double. A disaster waiting. #coronavirus #COVID19 pic.twitter.com/oUySsXUXR3",[],[],"['https://pbs.twimg.com/media/EUAYAttXYAE2pR4.jpg', 'https://pbs.twimg.com/media/EUAYAtsX0AAU2ht.jpg']",1,2,3,"['#coronavirus', '#covid19']",[],https://twitter.com/Istanbultelaviv/status/1243019903134818304,False,,0,New York,,,,,,"[{'user_id': '246970040', 'username': 'Istanbultelaviv'}]",,,,
1242994997240180736,1242994997240180736,1585188075000,2020-03-26,04:01:15,×©×¢×•×Ÿ ×§×™×¥ ×™×¨×•×©×œ×™×,225709644,breakinnewsboy,Darren McQuade,"Manhattan, NY","â€œItâ€™s a ghost town.â€

Efforts by #NYC to promote #SocialDistancing are working to help save lives and #FlattenTheCuve,  according to @NYGovCuomo.

#COVID19 #CoronavirusNewYork #COVID2019 #coronavirus #CoronavirusOutbreak 

Story with @jamesfordtv
#PIX11NEWS pic.twitter.com/fmey8rFmUZ","['nygovcuomo', 'jamesfordtv']",[],[],0,5,11,"['#nyc', '#socialdistancing', '#flattenthecuve', '#covid19', '#coronavirusnewyork', '#covid2019', '#coronavirus', '#coronavirusoutbreak', '#pix11news']",[],https://twitter.com/BreakinNewsBoy/status/1242994997240180736,False,,1,New York,,,,,,"[{'user_id': '225709644', 'username': 'BreakinNewsBoy'}, {'user_id': '232268199', 'username': 'NYGovCuomo'}, {'user_id': '20951281', 'username': 'jamesfordtv'}]",,,,
1242991514374021123,1242991514374021123,1585187245000,2020-03-26,03:47:25,×©×¢×•×Ÿ ×§×™×¥ ×™×¨×•×©×œ×™×,225709644,breakinnewsboy,Darren McQuade,"Manhattan, NY","Signs like these encouraging #SocialDistancing appeared in public courts and playgrounds in #NYC.

#COVID19 #CoronavirusNewYork #NYC #coronavirus
#PIX11NEWS pic.twitter.com/LgV8EVrj9S",[],[],"['https://pbs.twimg.com/media/ET_-MRhWoAEbOBO.jpg', 'https://pbs.twimg.com/media/ET_-MRfX0AAX0q6.jpg']",1,5,6,"['#socialdistancing', '#nyc', '#covid19', '#coronavirusnewyork', '#nyc', '#coronavirus', '#pix11news']",[],https://twitter.com/BreakinNewsBoy/status/1242991514374021123,False,,0,New York,,,,,,"[{'user_id': '225709644', 'username': 'BreakinNewsBoy'}]",,,,
1242949950230728706,1242934479573995520,1585177335000,2020-03-26,01:02:15,×©×¢×•×Ÿ ×§×™×¥ ×™×¨×•×©×œ×™×,2806124000,coneyislandhosp,Coney IslandHospital,"Staten Island, NY","Thank you to Raisa Chernina of @BeProudNY who donated surgical masks and @DiamondBraces who donated surgical masks, jackets and gloves. #covid19 #coronavirus pic.twitter.com/cvitQQ32rW","['beproudny', 'diamondbraces']",[],"['https://pbs.twimg.com/media/ET_YY6qWsAMMOS7.jpg', 'https://pbs.twimg.com/media/ET_YY6rWAAMMwdn.jpg']",1,2,14,"['#covid19', '#coronavirus']",[],https://twitter.com/ConeyIslandHosp/status/1242949950230728706,False,,0,New York,,,,,,"[{'user_id': '2806124000', 'username': 'ConeyIslandHosp'}, {'user_id': '2970394451', 'username': 'BeProudNY'}, {'user_id': '708993499', 'username': 'DiamondBraces'}]",,,,
1242936405212438531,1242936405212438531,1585174106000,2020-03-26,00:08:26,×©×¢×•×Ÿ ×§×™×¥ ×™×¨×•×©×œ×™×,1526321732,realdoctormike,Dr. Mike Varshavski,"Manhattan, NY",Time to Fact-Check these politicians on #coronavirus â›‘ğŸ¦ ğŸ‘‰ğŸ¼  https://youtu.be/nt9ldBsMgggÂ  #covid19 #AlertNotAnxious pic.twitter.com/2b2i05b5uA,[],['https://youtu.be/nt9ldBsMggg'],['https://pbs.twimg.com/media/ET_MEfsXQAAXX_3.jpg'],62,472,1560,"['#coronavirus', '#covid19', '#alertnotanxious']",[],https://twitter.com/RealDoctorMike/status/1242936405212438531,False,,0,New York,,,,,,"[{'user_id': '1526321732', 'username': 'RealDoctorMike'}, {'user_id': '14499829', 'username': 'WHO'}, {'user_id': '146569971', 'username': 'CDCgov'}, {'user_id': '57145818', 'username': 'kennylinafp'}, {'user_id': '14500190', 'username': 'aafp'}, {'user_id': '273614983', 'username': 'AOAforDOs'}, {'user_id': '215022574', 'username': 'AAFP_FMIG'}, {'user_id': '28785486', 'username': 'ABC'}, {'user_id': '22650211', 'username': 'GMA'}, {'user_id': '243327564', 'username': 'TODAYshowHealth'}, {'user_id': '1367531', 'username': 'FoxNews'}]",,,,
1242924784415096833,1242924784415096833,1585171335000,2020-03-25,23:22:15,×©×¢×•×Ÿ ×§×™×¥ ×™×¨×•×©×œ×™×,52766691,consulmexnuy,Consulado General de MÃ©xico en Nueva York,"Manhattan, NY","El CÃ³nsul General @Jorge_IslasLo sostuvo un encuentro virtual con mÃ¡s de 100 profesionistas mexicanos radicados en NYC, organizado por la @usmcocne1, en la que ofreciÃ³ informaciÃ³n acerca de las acciones emprendÃ­das por @ConsulMexNuy ante el #coronavirus
#COVID19
#COVID2019 pic.twitter.com/qdEdcQV2jw","['jorge_islaslo', 'usmcocne1', 'consulmexnuy']",[],"['https://pbs.twimg.com/media/ET_BeaeXkAEmWbo.jpg', 'https://pbs.twimg.com/media/ET_BepqXgAA8DSt.jpg', 'https://pbs.twimg.com/media/ET_BfY1X0AMjBJm.jpg']",0,7,13,"['#coronavirus', '#covid19', '#covid2019']",[],https://twitter.com/ConsulMexNuy/status/1242924784415096833,False,,0,New York,,,,,,"[{'user_id': '52766691', 'username': 'ConsulMexNuy'}, {'user_id': '978494463784964096', 'username': 'Jorge_IslasLo'}, {'user_id': '2425523192', 'username': 'usmcocne1'}, {'user_id': '713639880', 'username': 'ACRamosDG'}]",,,,
1242884934903177222,1242884934903177222,1585161834000,2020-03-25,20:43:54,×©×¢×•×Ÿ ×§×™×¥ ×™×¨×•×©×œ×™×,16534053,paulglader,Paul Glader,"Montclair, NJ",Nearly half of New York City's coronavirus cases found in adults under 45  https://theweek.com/speedreads/904645/nearly-half-new-york-citys-coronavirus-cases-found-adults-under-45Â â€¦ via @TheWeek Perhaps this also means the mortality rate in NYC will be low? #COVID2019 #COVID19 #coronavirus #CoronavirusLockdown,['theweek'],['https://theweek.com/speedreads/904645/nearly-half-new-york-citys-coronavirus-cases-found-adults-under-45'],[],0,0,2,"['#covid2019', '#covid19', '#coronavirus', '#coronaviruslockdown']",[],https://twitter.com/PaulGlader/status/1242884934903177222,False,,0,New York,,,,,,"[{'user_id': '16534053', 'username': 'PaulGlader'}, {'user_id': '16439471', 'username': 'TheWeek'}]",,,,
1242866599184478210,1242866599184478210,1585157463000,2020-03-25,19:31:03,×©×¢×•×Ÿ ×§×™×¥ ×™×¨×•×©×œ×™×,112283476,cherylcasone,Cheryl Casone,"Manhattan, NY",From @FoxFriendsFirst to @MorningsMaria to @AmericaNewsroom to @Cavuto youâ€™d think Iâ€™d be done. Nope!!!! See you 4pm ET @AftertheBell #coronavirus #COVID19 #breakingnews @foxbusiness @foxnews pic.twitter.com/aXICHRdgFp,"['foxfriendsfirst', 'morningsmaria', 'americanewsroom', 'cavuto', 'afterthebell', 'foxbusiness', 'foxnews']",[],[],7,3,30,"['#coronavirus', '#covid19', '#breakingnews']",[],https://twitter.com/cherylcasone/status/1242866599184478210,False,,1,New York,,,,,,"[{'user_id': '112283476', 'username': 'cherylcasone'}, {'user_id': '488679352', 'username': 'FoxFriendsFirst'}, {'user_id': '2330590446', 'username': 'MorningsMaria'}, {'user_id': '312800783', 'username': 'AmericaNewsroom'}, {'user_id': '24028199', 'username': 'cavuto'}, {'user_id': '835857204', 'username': 'AftertheBell'}, {'user_id': '56413858', 'username': 'FoxBusiness'}, {'user_id': '1367531', 'username': 'FoxNews'}]",,,,
1242866424902832128,1242866424902832128,1585157421000,2020-03-25,19:30:21,×©×¢×•×Ÿ ×§×™×¥ ×™×¨×•×©×œ×™×,2762583461,kylemazzawunf,Kyle Mazza,"Fair Lawn, NJ","BREAKING: Fair Lawn, NJ now has 43 cases of #coronavirus #COVID19",[],[],[],0,2,1,"['#coronavirus', '#covid19']",[],https://twitter.com/KyleMazzaWUNF/status/1242866424902832128,False,,0,New York,,,,,,"[{'user_id': '2762583461', 'username': 'KyleMazzaWUNF'}]",,,,
1242847636278915077,1242847636278915077,1585152942000,2020-03-25,18:15:42,×©×¢×•×Ÿ ×§×™×¥ ×™×¨×•×©×œ×™×,191681725,leeabbamonte,Lee Abbamonte,"Manhattan, NY","Governor #Cuomo has a communication style that gives you the facts straight, concisely and without BS. He makes you feel better because someone is on top of things with regards to #COVID19. Thatâ€™s unusual these days but much appreciated. #coronavirus",[],[],[],4,1,47,"['#cuomo', '#covid19', '#coronavirus']",[],https://twitter.com/LeeAbbamonte/status/1242847636278915077,False,,0,New York,,,,,,"[{'user_id': '191681725', 'username': 'LeeAbbamonte'}]",,,,
1242843544940875779,1242843544940875779,1585151966000,2020-03-25,17:59:26,×©×¢×•×Ÿ ×§×™×¥ ×™×¨×•×©×œ×™×,351076863,kentuncbc,Melissa Kent,"Manhattan, NY","New York now has 30,811 confirmed #coronavirus cases says @NYGovCuomo 

* 3,805 (12%) are hospitalized
* 888 (3%) are in ICU 
* 285 people have died 

#COVID19 #NYCLockdown",['nygovcuomo'],[],[],0,2,0,"['#coronavirus', '#covid19', '#nyclockdown']",[],https://twitter.com/KentUNCBC/status/1242843544940875779,False,,0,New York,,,,,,"[{'user_id': '351076863', 'username': 'KentUNCBC'}, {'user_id': '232268199', 'username': 'NYGovCuomo'}]",,,,
1242840322415243266,1242840322415243266,1585151198000,2020-03-25,17:46:38,×©×¢×•×Ÿ ×§×™×¥ ×™×¨×•×©×œ×™×,454311887,gormoexjourno,Ryan Gorman,"Queens, NY","Is the $1,200 #StimulusPlan check a tone deaf insult and worse than nothing?

If yes, would love to know what number you think is better

#coronavirus #covid19",[],[],[],2,1,0,"['#stimulusplan', '#coronavirus', '#covid19']",[],https://twitter.com/GormoExJourno/status/1242840322415243266,False,,0,New York,,,,,,"[{'user_id': '454311887', 'username': 'GormoExJourno'}]",,,,
1242839198132047872,1242839198132047872,1585150930000,2020-03-25,17:42:10,×©×¢×•×Ÿ ×§×™×¥ ×™×¨×•×©×œ×™×,2372655728,nypd73pct,NYPD 73rd Precinct,"Brooklyn, NY","The #73pct ğŸš” would like to wish you all good health! â¤ï¸ ğŸ˜Š
Please keep these easy steps in mind to care for yourselves against the coronavirus! 
Share this information!  #Brooklyn #Brownsville #FlattenTheCurve #COVID19 pic.twitter.com/B9dCEyJROS",[],[],['https://pbs.twimg.com/media/ET9zqN0WsAAFgG0.jpg'],0,1,6,"['#73pct', '#brooklyn', '#brownsville', '#flattenthecurve', '#covid19']",[],https://twitter.com/NYPD73Pct/status/1242839198132047872,False,,0,New York,,,,,,"[{'user_id': '2372655728', 'username': 'NYPD73Pct'}]",,,,
1242834671941099521,1242832709321457664,1585149851000,2020-03-25,17:24:11,×©×¢×•×Ÿ ×§×™×¥ ×™×¨×•×©×œ×™×,533233011,indonesiaunny,Indonesian Mission UN,"Manhattan, NY","Hari ini (25/3) Sekjen PBB @antonioguterres bersama @DrTedros @WHO, @UNICEFchief & @UNReliefChief luncurkan #COVID19 Global Humanitarian Response Plan scr virtual.

Solidaritas kemanusiaan global adlh kunci utk lawan pandemi #coronavirus!

#IniDiplomasi #IndonesianWay #dirumahaja","['antonioguterres', 'drtedros', 'who', 'unicefchief', 'unreliefchief']",[],[],0,3,6,"['#covid19', '#coronavirus', '#inidiplomasi', '#indonesianway', '#dirumahaja']",[],https://twitter.com/indonesiaunny/status/1242834671941099521,False,,0,New York,,,,,,"[{'user_id': '533233011', 'username': 'indonesiaunny'}, {'user_id': '811229675758505984', 'username': 'antonioguterres'}, {'user_id': '189868631', 'username': 'DrTedros'}, {'user_id': '14499829', 'username': 'WHO'}, {'user_id': '950824252562903040', 'username': 'unicefchief'}, {'user_id': '2978526405', 'username': 'UNReliefChief'}]",,,,
1242812078437564416,1242812078437564416,1585144464000,2020-03-25,15:54:24,×©×¢×•×Ÿ ×§×™×¥ ×™×¨×•×©×œ×™×,798547004477599744,lindseyboylan,Lindsey Boylan,"Manhattan, NY",Change your approval policy now @GileadSciences. We can help @zoemungin and so many others NOW.  Please share and pressure @GileadSciences to do the right thing. #coronavirus #COVID19 https://twitter.com/mollitudo/status/1242648820988686336Â â€¦,"['gileadsciences', 'zoemungin']",['https://twitter.com/mollitudo/status/1242648820988686336'],[],1,17,23,"['#coronavirus', '#covid19']",[],https://twitter.com/LindseyBoylan/status/1242812078437564416,False,https://twitter.com/mollitudo/status/1242648820988686336,0,New York,,,,,,"[{'user_id': '798547004477599744', 'username': 'LindseyBoylan'}, {'user_id': '309728693', 'username': 'GileadSciences'}, {'user_id': '2591968754', 'username': 'zoemungin'}]",,,,
1242710963570212864,1242710963570212864,1585120356000,2020-03-25,09:12:36,×©×¢×•×Ÿ ×§×™×¥ ×™×¨×•×©×œ×™×,18781212,stevescottnews,Steve Scott,"Manhattan, NY","Checking my temperature regularly to help keep everyone safe. Feeling as good as one can feel at 2:30am!

Talk to you on the radio at 5am on @wcbs880. #COVID19 #coronavirus pic.twitter.com/S00mtoCTAK",['wcbs880'],[],['https://pbs.twimg.com/media/ET7_CHmXkAAQUcI.jpg'],4,1,32,"['#covid19', '#coronavirus']",[],https://twitter.com/SteveScottNEWS/status/1242710963570212864,False,,0,New York,,,,,,"[{'user_id': '18781212', 'username': 'SteveScottNEWS'}, {'user_id': '16760131', 'username': 'wcbs880'}]",,,,
1242651320768770051,1242651320768770051,1585106136000,2020-03-25,05:15:36,×©×¢×•×Ÿ ×§×™×¥ ×™×¨×•×©×œ×™×,4188111,srcasm,Jesse Middleton,"Manhattan, NY",Just be like the second little piggy!  https://www.youtube.com/watch?v=bmZAAkjur3wÂ â€¦ #coronavirus #COVID19 #NYC,[],['https://www.youtube.com/watch?v=bmZAAkjur3w'],[],0,0,1,"['#coronavirus', '#covid19', '#nyc']",[],https://twitter.com/srcasm/status/1242651320768770051,False,,0,New York,,,,,,"[{'user_id': '4188111', 'username': 'srcasm'}]",,,,
1242649643185512456,1242649643185512456,1585105736000,2020-03-25,05:08:56,×©×¢×•×Ÿ ×§×™×¥ ×™×¨×•×©×œ×™×,4188111,srcasm,Jesse Middleton,"Manhattan, NY",So... in 14 days does someone open a COVID-19/coronavirus-free workspace for all the self-quarantiners to go to? How does this work? Whatâ€™s next?,[],[],[],1,0,4,[],[],https://twitter.com/srcasm/status/1242649643185512456,False,,0,New York,,,,,,"[{'user_id': '4188111', 'username': 'srcasm'}]",,,,
1242640719560560640,1242640719560560640,1585103609000,2020-03-25,04:33:29,×©×¢×•×Ÿ ×§×™×¥ ×™×¨×•×©×œ×™×,62872830,7onyoursideny,7 On Your Side,"Englewood, NJ",These desk are usually filled w/  women #empowering themselves to learn & work but @WRICsince1973 is closed due to #coronavirus #covid_19 clients need help & food for their families Please support #local #non-profitâ€¦  https://www.instagram.com/p/B-I8M7LDK6c/?igshid=1pxbbrxqls2g3Â â€¦,['wricsince1973'],['https://www.instagram.com/p/B-I8M7LDK6c/?igshid=1pxbbrxqls2g3'],[],1,1,1,"['#empowering', '#coronavirus', '#covid_19', '#local', '#non']",[],https://twitter.com/7OnYourSideNY/status/1242640719560560640,False,,0,New York,,,,,,"[{'user_id': '62872830', 'username': '7OnYourSideNY'}, {'user_id': '183690709', 'username': 'WRICsince1973'}]",,,,
1242601196638134272,1242601196638134272,1585094186000,2020-03-25,01:56:26,×©×¢×•×Ÿ ×§×™×¥ ×™×¨×•×©×œ×™×,225709644,breakinnewsboy,Darren McQuade,"Manhattan, NY","â€œThis is a warâ€

The #JavitsCenter is being converted in to a temporary #hospital and supply distribution center to fight the #CoronavirusOutbreak.

@NYGovCuomo is not pleased with fed support & says #NYC needs more ventilators.

@jamesfordtv
#COVID19 #coronavirus
#PIX11NEWS pic.twitter.com/bLQ3xzh7H8","['nygovcuomo', 'jamesfordtv']",[],[],2,2,8,"['#javitscenter', '#hospital', '#coronavirusoutbreak', '#nyc', '#covid19', '#coronavirus', '#pix11news']",[],https://twitter.com/BreakinNewsBoy/status/1242601196638134272,False,,1,New York,,,,,,"[{'user_id': '225709644', 'username': 'BreakinNewsBoy'}, {'user_id': '232268199', 'username': 'NYGovCuomo'}, {'user_id': '20951281', 'username': 'jamesfordtv'}]",,,,
1242580146672066560,1242580146672066560,1585089167000,2020-03-25,00:32:47,×©×¢×•×Ÿ ×§×™×¥ ×™×¨×•×©×œ×™×,191681725,leeabbamonte,Lee Abbamonte,"Manhattan, NY","The worst thing #potus or governors could do is lessen #COVID19 restrictions when theyâ€™re not nearly strong enough as is! Itâ€™s getting worse, especially in #NYC! Ban travel & lock down NYC & country for a few weeks & see where weâ€™re at. Arbitrary dates are useless! #coronavirus",[],[],[],2,2,26,"['#potus', '#covid19', '#nyc', '#coronavirus']",[],https://twitter.com/LeeAbbamonte/status/1242580146672066560,False,,0,New York,,,,,,"[{'user_id': '191681725', 'username': 'LeeAbbamonte'}]",,,,
1242564601889390592,1242564601889390592,1585085461000,2020-03-24,23:31:01,×©×¢×•×Ÿ ×§×™×¥ ×™×¨×•×©×œ×™×,18781212,stevescottnews,Steve Scott,"Jersey City, NJ",AUDIO: Thank you to #NobelPrize-winning economist @JosephEStiglitz of @Columbia for joining me on @wcbs880. Brilliant analysis of the financial ramifications of the #COVID19 #coronavirus pandemic.  https://wcbs880.radio.com/articles/news/stiglitz-discusses-possible-economic-fallout-of-coronavirusÂ â€¦ #RecordedOnAniPhone #newnormal,"['josephestiglitz', 'columbia', 'wcbs880']",['https://wcbs880.radio.com/articles/news/stiglitz-discusses-possible-economic-fallout-of-coronavirus'],[],0,4,6,"['#nobelprize', '#covid19', '#coronavirus', '#recordedonaniphone', '#newnormal']",[],https://twitter.com/SteveScottNEWS/status/1242564601889390592,False,,0,New York,,,,,,"[{'user_id': '18781212', 'username': 'SteveScottNEWS'}, {'user_id': '1963312058', 'username': 'JosephEStiglitz'}, {'user_id': '248795646', 'username': 'Columbia'}, {'user_id': '16760131', 'username': 'wcbs880'}]",,,,
1242550410835046400,1242550410835046400,1585082078000,2020-03-24,22:34:38,×©×¢×•×Ÿ ×§×™×¥ ×™×¨×•×©×œ×™×,1095983808,veronatownship,Township of Verona,"Verona, NJ","Dear Verona Residents: 

This afternoon, the Montclair Health Department updated the number of residents of Verona who have tested positive with novel Coronavirus disease 2019 (COVID-19) to four. This includes oneâ€¦  https://www.instagram.com/p/B-IUXh5jaI7/?igshid=v31gwf01ghkxÂ â€¦",[],['https://www.instagram.com/p/B-IUXh5jaI7/?igshid=v31gwf01ghkx'],[],0,0,0,[],[],https://twitter.com/VeronaTownship/status/1242550410835046400,False,,0,New York,,,,,,"[{'user_id': '1095983808', 'username': 'VeronaTownship'}]",,,,
1242536399338962945,1242536399338962945,1585078737000,2020-03-24,21:38:57,×©×¢×•×Ÿ ×§×™×¥ ×™×¨×•×©×œ×™×,100284732,miguelgamino,Miguel GAMIÃ‘O Jr.,"Brooklyn, NY",#COVID19 Tokyo Olympics pushed back to 2021 #Coronavirus https://twitter.com/i/events/1219057585707315201Â â€¦,[],['https://twitter.com/i/events/1219057585707315201'],[],0,0,0,"['#covid19', '#coronavirus']",[],https://twitter.com/MiguelGamino/status/1242536399338962945,False,,0,New York,,,,,,"[{'user_id': '100284732', 'username': 'MiguelGamino'}]",,,,
1242522026029584387,1242522026029584387,1585075310000,2020-03-24,20:41:50,×©×¢×•×Ÿ ×§×™×¥ ×™×¨×•×©×œ×™×,295096887,chadkimball1,Chad Kimball,"Manhattan, NY",I got tested for the Coronavirus on Tuesday. My test came back Saturday morning and I am positive for COVID-19/Coronavirus. Yesterday actually was the worst. Thought Iâ€™d beaten it. But it came back. It comes inâ€¦  https://www.instagram.com/p/B-IHdS-JkyF/?igshid=a7j6k84q37i6Â â€¦,[],['https://www.instagram.com/p/B-IHdS-JkyF/?igshid=a7j6k84q37i6'],[],13,5,91,[],[],https://twitter.com/chadkimball1/status/1242522026029584387,False,,0,New York,,,,,,"[{'user_id': '295096887', 'username': 'chadkimball1'}]",,,,
1242520314958970880,1242520314958970880,1585074902000,2020-03-24,20:35:02,×©×¢×•×Ÿ ×§×™×¥ ×™×¨×•×©×œ×™×,17611773,mollystarkdean,Molly ğŸ“° Stark ğŸ¤“ Dean,"Brooklyn, NY","I miss Yitian Gu, my Chinese other half! She's a world away... And yet dealing with the same things we are. #HighRiskCovid19 #COVID19 #StayHome #coronavirus #MyCovidStory pic.twitter.com/qm30OKlPTJ",[],[],['https://pbs.twimg.com/media/ET5Ro6AXsAI9P-p.jpg'],0,0,0,"['#highriskcovid19', '#covid19', '#stayhome', '#coronavirus', '#mycovidstory']",[],https://twitter.com/mollystarkdean/status/1242520314958970880,False,,0,New York,,,,,,"[{'user_id': '17611773', 'username': 'mollystarkdean'}]",,,,
1242487436518850561,1242487436518850561,1585067063000,2020-03-24,18:24:23,×©×¢×•×Ÿ ×§×™×¥ ×™×¨×•×©×œ×™×,178089837,kenyonfarrow,Kenyon Farrow,"Brooklyn, NY",Here's What's Gone Wrong With the U.S. #Coronavirus Responseâ€”And What We Need to Do Next #COVID19 with quotes from @gregggonsalves and @CarlosdelRio7  https://www.thebody.com/article/coronavirus-pandemic-whats-gone-wrong-how-to-fix?ap=2008Â â€¦ #TheBody via @TheBodyDotCom,"['gregggonsalves', 'carlosdelrio7', 'thebodydotcom']",['https://www.thebody.com/article/coronavirus-pandemic-whats-gone-wrong-how-to-fix?ap=2008'],[],0,3,3,"['#coronavirus', '#covid19', '#thebody']",[],https://twitter.com/kenyonfarrow/status/1242487436518850561,False,,0,New York,,,,,,"[{'user_id': '178089837', 'username': 'kenyonfarrow'}, {'user_id': '30844417', 'username': 'gregggonsalves'}, {'user_id': '451192624', 'username': 'CarlosdelRio7'}, {'user_id': '21227559', 'username': 'TheBodyDotCom'}]",,,,
1242477675287130112,1242477675287130112,1585064736000,2020-03-24,17:45:36,×©×¢×•×Ÿ ×§×™×¥ ×™×¨×•×©×œ×™×,2838926055,anieakpe,Anie Akpe,"New York, NY",Wow ğŸ˜¯ ~ #COVID19 #coronavirus https://twitter.com/courtneycgross/status/1242477068618797057Â â€¦,[],['https://twitter.com/courtneycgross/status/1242477068618797057'],[],0,0,0,"['#covid19', '#coronavirus']",[],https://twitter.com/AnieAkpe/status/1242477675287130112,False,https://twitter.com/courtneycgross/status/1242477068618797057,0,New York,,,,,,"[{'user_id': '2838926055', 'username': 'AnieAkpe'}]",,,,
1242477426376146944,1242477426376146944,1585064677000,2020-03-24,17:44:37,×©×¢×•×Ÿ ×§×™×¥ ×™×¨×•×©×œ×™×,23470695,joshuahoyos,Joshua Hoyos,"Manhattan, NY","Cuomo shows his frustration over the status of ventilators: â€œyou pick the 26,000 people who are going to die because they sent 400 ventilators.â€
#COVID19 #coronavirus",[],[],[],1,4,4,"['#covid19', '#coronavirus']",[],https://twitter.com/JoshuaHoyos/status/1242477426376146944,False,,0,New York,,,,,,"[{'user_id': '23470695', 'username': 'JoshuaHoyos'}]",,,,
1242476271017361408,1242475800940752897,1585064401000,2020-03-24,17:40:01,×©×¢×•×Ÿ ×§×™×¥ ×™×¨×•×©×œ×™×,2838926055,anieakpe,Anie Akpe,"New York, NY","How if so far results are showing people can get reinfected? 

#COVID19 #coronavirus","['kellyo', 'nygovcuomo']",[],[],0,0,0,"['#covid19', '#coronavirus']",[],https://twitter.com/AnieAkpe/status/1242476271017361408,False,,0,New York,,,,,,"[{'user_id': '2838926055', 'username': 'AnieAkpe'}, {'user_id': '224320485', 'username': 'KellyO'}, {'user_id': '232268199', 'username': 'NYGovCuomo'}]",,,,
1242475208684056586,1242475208684056586,1585064148000,2020-03-24,17:35:48,×©×¢×•×Ÿ ×§×™×¥ ×™×¨×•×©×œ×™×,2838926055,anieakpe,Anie Akpe,"New York, NY","New York is definitely a test case. 

Who is going to turn down new drug therapies? 

Plasma testing being used...

#COVID19 #coronavirus #CoronavirusNewYork https://twitter.com/ryanstruyk/status/1242474324096880641Â â€¦",[],['https://twitter.com/ryanstruyk/status/1242474324096880641'],[],1,0,0,"['#covid19', '#coronavirus', '#coronavirusnewyork']",[],https://twitter.com/AnieAkpe/status/1242475208684056586,False,https://twitter.com/ryanstruyk/status/1242474324096880641,0,New York,,,,,,"[{'user_id': '2838926055', 'username': 'AnieAkpe'}]",,,,
1242474008643350528,1242474008643350528,1585063862000,2020-03-24,17:31:02,×©×¢×•×Ÿ ×§×™×¥ ×™×¨×•×©×œ×™×,2838926055,anieakpe,Anie Akpe,"New York, NY","These numbers are still climbing! 

#COVID19 #coronavirus https://twitter.com/NY1/status/1242473513522470912Â â€¦",[],['https://twitter.com/NY1/status/1242473513522470912'],[],1,0,0,"['#covid19', '#coronavirus']",[],https://twitter.com/AnieAkpe/status/1242474008643350528,False,https://twitter.com/NY1/status/1242473513522470912,0,New York,,,,,,"[{'user_id': '2838926055', 'username': 'AnieAkpe'}]",,,,
1242473898211508224,1242473898211508224,1585063836000,2020-03-24,17:30:36,×©×¢×•×Ÿ ×§×™×¥ ×™×¨×•×©×œ×™×,23470695,joshuahoyos,Joshua Hoyos,"Manhattan, NY","Cuomo: 25,665 total cases (4790 new cases overnight)
210 dead in NYS 
14,904 positive cases are in New York City 
3,234 of cases are hospitalized/756 are in the ICU
#COVID19 #coronavirus",[],[],[],0,1,1,"['#covid19', '#coronavirus']",[],https://twitter.com/JoshuaHoyos/status/1242473898211508224,False,,0,New York,,,,,,"[{'user_id': '23470695', 'username': 'JoshuaHoyos'}]",,,,
1242453940232478725,1242453940232478725,1585059077000,2020-03-24,16:11:17,×©×¢×•×Ÿ ×§×™×¥ ×™×¨×•×©×œ×™×,191681725,leeabbamonte,Lee Abbamonte,"Manhattan, NY",You canâ€™t get a grip on the economy unless you first get a grip on #coronavirus. Yes this really sucks but whatâ€™s the point of going through it if weâ€™re not going to see it thru? I say this as a sole proprietor whoâ€™s business is getting crushed. Do the right thing. #COVID19,[],[],[],2,1,20,"['#coronavirus', '#covid19']",[],https://twitter.com/LeeAbbamonte/status/1242453940232478725,False,,0,New York,,,,,,"[{'user_id': '191681725', 'username': 'LeeAbbamonte'}]",,,,
1242440808592269314,1242440808592269314,1585055946000,2020-03-24,15:19:06,×©×¢×•×Ÿ ×§×™×¥ ×™×¨×•×©×œ×™×,16534053,paulglader,Paul Glader,"Montclair, NJ",Italian priest dies of coronavirus after giving respirator to younger patient  https://nypost.com/2020/03/24/italian-priest-dies-of-coronavirus-after-giving-respirator-to-younger-patient/?utm_source=twitter_sitebuttons&utm_medium=site%20buttons&utm_campaign=site%20buttonsÂ â€¦ via @nypost #COVID19 #COVIDãƒ¼19 #COVID2019 #CoronavirusLockdown #CoronaVirusUpdate,['nypost'],['https://nypost.com/2020/03/24/italian-priest-dies-of-coronavirus-after-giving-respirator-to-younger-patient/?utm_source=twitter_sitebuttons&utm_medium=site%20buttons&utm_campaign=site%20buttons'],[],0,1,1,"['#covid19', '#covidãƒ¼19', '#covid2019', '#coronaviruslockdown', '#coronavirusupdate']",[],https://twitter.com/PaulGlader/status/1242440808592269314,False,,0,New York,,,,,,"[{'user_id': '16534053', 'username': 'PaulGlader'}, {'user_id': '17469289', 'username': 'nypost'}]",,,,
1242375284541861889,1242375284541861889,1585040324000,2020-03-24,10:58:44,×©×¢×•×Ÿ ×§×™×¥ ×™×¨×•×©×œ×™×,412549497,jennbisramtv,jennbisramtv,"Manhattan, NY","NYC CORONAVIRUS UPDATE: 
(As of 6pm Monday) 
13,119 positive cases of COVID-19. 125-people have died. 3,848 cases in Queens; 2,646 in Manhattan; 3,742 in Brooklyn; 1,999 in the Bronx; 877 in Staten Island.
At least 2,213 people hospitalized, 525 in ICU. @NYCMayor @PIX11News","['nycmayor', 'pix11news']",[],[],3,12,16,[],[],https://twitter.com/jennbisramtv/status/1242375284541861889,False,,0,New York,,,,,,"[{'user_id': '412549497', 'username': 'jennbisramtv'}, {'user_id': '19834403', 'username': 'NYCMayor'}, {'user_id': '9542972', 'username': 'PIX11News'}]",,,,
1242278578257113088,1242278578257113088,1585017268000,2020-03-24,04:34:28,×©×¢×•×Ÿ ×§×™×¥ ×™×¨×•×©×œ×™×,246970040,istanbultelaviv,Louis Fishman,"Brooklyn, NY","A glimpse of Downtown Brooklyn, looking at one of the busiest streets in the city. Completely empty. Its only 10 PM. The city that never sleeps is riding out the storm at home, worried about the days ahead. #coronavirus #COVID19 pic.twitter.com/y67E7Vz9Zm",[],[],['https://pbs.twimg.com/media/ET11yAXXYAI47el.jpg'],2,5,36,"['#coronavirus', '#covid19']",[],https://twitter.com/Istanbultelaviv/status/1242278578257113088,False,,0,New York,,,,,,"[{'user_id': '246970040', 'username': 'Istanbultelaviv'}]",,,,
1242262814393274371,1242262814393274371,1585013509000,2020-03-24,03:31:49,×©×¢×•×Ÿ ×§×™×¥ ×™×¨×•×©×œ×™×,260590025,joefloccari,Joe Floccari NewsGuy,Times Square,The Lone Street Performer in Times Square. #coronavirus #COVID19 #newyorklockdown pic.twitter.com/PReUckG1jy,[],[],[],3,2,16,"['#coronavirus', '#covid19', '#newyorklockdown']",[],https://twitter.com/JoeFloccari/status/1242262814393274371,False,,1,New York,,,,,,"[{'user_id': '260590025', 'username': 'JoeFloccari'}]",,,,
1242237154601971712,1242237154601971712,1585007391000,2020-03-24,01:49:51,×©×¢×•×Ÿ ×§×™×¥ ×™×¨×•×©×œ×™×,225709644,breakinnewsboy,Darren McQuade,"Manhattan, NY","The city that never sleeps is taking a nap.

#NYC looks a little different these days as people practice #SocialDistancing. 100% of non essential workers are supposed to #StayHome.

Story w/ @jamesfordtv
#CoronavirusNewYork #COVID19 #COVIDãƒ¼19 #coronavirus #NewYork
#PIX11NEWS pic.twitter.com/EFn29luxiM",['jamesfordtv'],[],[],2,3,13,"['#nyc', '#socialdistancing', '#stayhome', '#coronavirusnewyork', '#covid19', '#covidãƒ¼19', '#coronavirus', '#newyork', '#pix11news']",[],https://twitter.com/BreakinNewsBoy/status/1242237154601971712,False,,1,New York,,,,,,"[{'user_id': '225709644', 'username': 'BreakinNewsBoy'}, {'user_id': '20951281', 'username': 'jamesfordtv'}]",,,,
1242226261067431939,1242226261067431939,1585004794000,2020-03-24,01:06:34,×©×¢×•×Ÿ ×§×™×¥ ×™×¨×•×©×œ×™×,798547004477599744,lindseyboylan,Lindsey Boylan,"Manhattan, NY",This is amongst the most historically worst things ever said by a president.  There is nothing to say but he is a lying POS. #coronavirus #COVID19 https://twitter.com/ddale8/status/1242223824990502915Â â€¦,[],['https://twitter.com/ddale8/status/1242223824990502915'],[],6,13,63,"['#coronavirus', '#covid19']",[],https://twitter.com/LindseyBoylan/status/1242226261067431939,False,https://twitter.com/ddale8/status/1242223824990502915,0,New York,,,,,,"[{'user_id': '798547004477599744', 'username': 'LindseyBoylan'}]",,,,
1242208049512828929,1242208049512828929,1585000452000,2020-03-23,23:54:12,×©×¢×•×Ÿ ×§×™×¥ ×™×¨×•×©×œ×™×,1095983808,veronatownship,Township of Verona,"Verona, NJ","Dear Verona Residents,

Today, the Montclair Health Department informed the Verona Police Department of an additional
resident that has tested positive for the 2019 Novel Coronavirus (COVID-19). This brings ourâ€¦  https://www.instagram.com/p/B-F4rfajrE_/?igshid=1ovyblbbr3yr0Â â€¦",[],['https://www.instagram.com/p/B-F4rfajrE_/?igshid=1ovyblbbr3yr0'],[],0,1,1,[],[],https://twitter.com/VeronaTownship/status/1242208049512828929,False,,0,New York,,,,,,"[{'user_id': '1095983808', 'username': 'VeronaTownship'}]",,,,
1242188228582608897,1242188228582608897,1584995727000,2020-03-23,22:35:27,×©×¢×•×Ÿ ×§×™×¥ ×™×¨×•×©×œ×™×,295096887,chadkimball1,Chad Kimball,"Manhattan, NY","I got tested for the Coronavirus on Tuesday. My test came back Saturday morning and like many others, I am positive for COVID-19/Coronavirus.  https://www.facebook.com/732175082/posts/10163312200230083/?d=nÂ â€¦",[],['https://www.facebook.com/732175082/posts/10163312200230083/?d=n'],[],135,18,330,[],[],https://twitter.com/chadkimball1/status/1242188228582608897,False,,0,New York,,,,,,"[{'user_id': '295096887', 'username': 'chadkimball1'}]",,,,
1242158192521609216,1242158192521609216,1584988565000,2020-03-23,20:36:05,×©×¢×•×Ÿ ×§×™×¥ ×™×¨×•×©×œ×™×,14200380,sherylhugg,Sheryl Huggins,"Brooklyn, NY",Tip No. 6: Some OTC meds that are used to treat cough and congestion can affect your blood sugar. See more on this and 8 other  #diabetes care tips during the #COVID19 pandemic in my latest for @EverydayHealth #COVIDãƒ¼19 #coronavirus https://twitter.com/EverydayHealth/status/1241426351783059461Â â€¦,['everydayhealth'],['https://twitter.com/EverydayHealth/status/1241426351783059461'],[],0,1,2,"['#diabetes', '#covid19', '#covidãƒ¼19', '#coronavirus']",[],https://twitter.com/sherylhugg/status/1242158192521609216,False,https://twitter.com/EverydayHealth/status/1241426351783059461,0,New York,,,,,,"[{'user_id': '14200380', 'username': 'sherylhugg'}, {'user_id': '17393790', 'username': 'EverydayHealth'}]",,,,
1242129707145011202,1242129707145011202,1584981774000,2020-03-23,18:42:54,×©×¢×•×Ÿ ×§×™×¥ ×™×¨×•×©×œ×™×,798547004477599744,lindseyboylan,Lindsey Boylan,"Manhattan, NY","This president has many failings, daily. Amongst the most significant & damaging right now is his continued failure to enforce the #DefenseProductionAct. @realDonaldTrump should have done it weeks ago & his reluctance will cost Americans lives unnecessarily. #COVID19 #coronavirus",['realdonaldtrump'],[],[],0,7,29,"['#defenseproductionact', '#covid19', '#coronavirus']",[],https://twitter.com/LindseyBoylan/status/1242129707145011202,False,,0,New York,,,,,,"[{'user_id': '798547004477599744', 'username': 'LindseyBoylan'}, {'user_id': '25073877', 'username': 'realDonaldTrump'}]",,,,
1242124525304778752,1242124525304778752,1584980539000,2020-03-23,18:22:19,×©×¢×•×Ÿ ×§×™×¥ ×™×¨×•×©×œ×™×,2365960728,houdart,Fabrice Houdart,"Manhattan, NY",Read my latest @OutLeadership #Coronavirus newsletter betting that #Covid19 will revolutionize #capitalism for the better as it highlights its egregious dysfunctions. #biz4LGBTI #OutLeader #ReturnOnEquality https://twitter.com/OutLeadership/status/1242117678409662468Â â€¦,['outleadership'],['https://twitter.com/OutLeadership/status/1242117678409662468'],[],0,0,1,"['#coronavirus', '#covid19', '#capitalism', '#biz4lgbti', '#outleader', '#returnonequality']",[],https://twitter.com/houdart/status/1242124525304778752,False,https://twitter.com/OutLeadership/status/1242117678409662468,0,New York,,,,,,"[{'user_id': '2365960728', 'username': 'houdart'}, {'user_id': '849786595', 'username': 'OutLeadership'}]",,,,
1242116670036021250,1242116418184916999,1584978666000,2020-03-23,17:51:06,×©×¢×•×Ÿ ×§×™×¥ ×™×¨×•×©×œ×™×,798547004477599744,lindseyboylan,Lindsey Boylan,"Manhattan, NY",We can't afford to wait while our leaders speak in empty platitudes. Read our plan here. #Covid_19 #coronavirus https://lnkd.in/dmzbpTYÂ ,[],['https://lnkd.in/dmzbpTY'],[],0,1,6,"['#covid_19', '#coronavirus']",[],https://twitter.com/LindseyBoylan/status/1242116670036021250,False,,0,New York,,,,,,"[{'user_id': '798547004477599744', 'username': 'LindseyBoylan'}]",,,,
1242116418184916999,1242116418184916999,1584978606000,2020-03-23,17:50:06,×©×¢×•×Ÿ ×§×™×¥ ×™×¨×•×©×œ×™×,798547004477599744,lindseyboylan,Lindsey Boylan,"Manhattan, NY",Cash payments to all Americans now. No means testing.  Thatâ€™s another key to saving people through this public health crisis. #coronavirus #CoronavirusNewYork #COVID19 pic.twitter.com/1nOOF1o0UP,[],[],[],6,30,96,"['#coronavirus', '#coronavirusnewyork', '#covid19']",[],https://twitter.com/LindseyBoylan/status/1242116418184916999,False,,1,New York,,,,,,"[{'user_id': '798547004477599744', 'username': 'LindseyBoylan'}]",,,,
1242083928476917762,1242083928476917762,1584970860000,2020-03-23,15:41:00,×©×¢×•×Ÿ ×§×™×¥ ×™×¨×•×©×œ×™×,41591401,mariemyungoklee,Marie Myung-Ok ëª…ì˜¥ Lee,"Manhattan, NY","#RandPaul also seems to have time to go to the Congressional gym + pool all day (WHY is it open???), gets a precious test that other people can't get, and now HAS PAID LEAVE ... all while denying  #coronavirus relief to the little people... while his dad calls #COVID19 a hoax",[],[],[],1,2,4,"['#randpaul', '#coronavirus', '#covid19']",[],https://twitter.com/MarieMyungOkLee/status/1242083928476917762,False,,0,New York,,,,,,"[{'user_id': '41591401', 'username': 'MarieMyungOkLee'}]",,,,
1242074318017826825,1242074318017826825,1584968568000,2020-03-23,15:02:48,×©×¢×•×Ÿ ×§×™×¥ ×™×¨×•×©×œ×™×,16869849,ericrolson,"Eric ""Wear Your Mask"" Olson","Brooklyn, NY","""Test data shows that the best choices for DIY masks are cotton t-shirts, pillowcases, or other cotton materials.""  https://smartairfilters.com/en/blog/best-materials-make-diy-face-mask-virus/Â â€¦ #covid19 #coronavirus",[],['https://smartairfilters.com/en/blog/best-materials-make-diy-face-mask-virus/'],[],0,0,1,"['#covid19', '#coronavirus']",[],https://twitter.com/EricROlson/status/1242074318017826825,False,,0,New York,,,,,,"[{'user_id': '16869849', 'username': 'EricROlson'}]",,,,
1241922866544807938,1241922866544807938,1584932459000,2020-03-23,05:00:59,×©×¢×•×Ÿ ×§×™×¥ ×™×¨×•×©×œ×™×,15947602,change,Change.org,"Brooklyn, NY","Well over 400,000 people and counting agree with this. Do you? #COVID19 #coronavirus #emergencymoney  https://www.change.org/p/give-2000-month-to-every-american-moneyforthepeople-covid19Â â€¦ https://twitter.com/BernieSanders/status/1241888823191224321Â â€¦",[],"['https://www.change.org/p/give-2000-month-to-every-american-moneyforthepeople-covid19', 'https://twitter.com/BernieSanders/status/1241888823191224321']",[],11,26,59,"['#covid19', '#coronavirus', '#emergencymoney']",[],https://twitter.com/Change/status/1241922866544807938,False,https://twitter.com/BernieSanders/status/1241888823191224321,0,New York,,,,,,"[{'user_id': '15947602', 'username': 'Change'}]",,,,
1241916637642665984,1241916637642665984,1584930974000,2020-03-23,04:36:14,×©×¢×•×Ÿ ×§×™×¥ ×™×¨×•×©×œ×™×,1411902361,chayesmatthew,Matthew Chayes,"Brooklyn, NY","â€œA study... predicted that unless aggressive action is taken, the coronavirus could kill 2.2 million Americans in the coming months. A day after that study was published, its lead researcher developed a dry cough and fever. He had COVID-19.â€ https://www.theatlantic.com/health/archive/2020/03/how-many-americans-are-sick-lost-february/608521/Â â€¦",[],['https://www.theatlantic.com/health/archive/2020/03/how-many-americans-are-sick-lost-february/608521/'],[],1,1,5,[],[],https://twitter.com/chayesmatthew/status/1241916637642665984,False,,0,New York,,,,,,"[{'user_id': '1411902361', 'username': 'chayesmatthew'}]",,,,
1241914433779179521,1241914433779179521,1584930449000,2020-03-23,04:27:29,×©×¢×•×Ÿ ×§×™×¥ ×™×¨×•×©×œ×™×,225709644,breakinnewsboy,Darren McQuade,"Manhattan, NY","Nearly deserted Brooklyn-Battery Tunnel.

#COVIDãƒ¼19 #StayHome #CoronavirusNewYork #coronavirus #COVID19 #FlattenTheCurve #NYC
#PIX11NEWS pic.twitter.com/XmS4T3wiSO",[],[],[],1,3,8,"['#covidãƒ¼19', '#stayhome', '#coronavirusnewyork', '#coronavirus', '#covid19', '#flattenthecurve', '#nyc', '#pix11news']",[],https://twitter.com/BreakinNewsBoy/status/1241914433779179521,False,,1,New York,,,,,,"[{'user_id': '225709644', 'username': 'BreakinNewsBoy'}]",,,,
1241902586799808513,1241902584677519362,1584927624000,2020-03-23,03:40:24,×©×¢×•×Ÿ ×§×™×¥ ×™×¨×•×©×œ×™×,144569635,mikeykaynyc,Mikey Kay,"Yonkers, NY","2. #COVID19

â€˜... thatâ€™s the second time it gets passed on, by the time thatâ€™s happened 10 times, Iâ€™ve been responsible for about 14 cases of flu.

This Coronavirus is very very contagious,...Â´",[],[],[],1,1,3,['#covid19'],[],https://twitter.com/MikeyKayNYC/status/1241902586799808513,False,,0,New York,,,,,,"[{'user_id': '144569635', 'username': 'MikeyKayNYC'}]",,,,
1241900697018400770,1241900697018400770,1584927174000,2020-03-23,03:32:54,×©×¢×•×Ÿ ×§×™×¥ ×™×¨×•×©×œ×™×,31161814,tinacervasio,Tina Cervasio,WNYW Fox 5 Studios,"Also tonight on @fox5ny #SportsXtra Darryl Strawberry talks #coronavirus & #coloncancerawareness. Donâ€™t let #covid_19 distract you from other major health issues you could be having. Straw is a #coloncancer #survivor, diagnosed MUCH younger than doctor recommended colonoscopies. pic.twitter.com/95axSio2yJ",['fox5ny'],[],['https://pbs.twimg.com/media/ETweGb7XsAU9_Rh.jpg'],2,7,29,"['#sportsxtra', '#coronavirus', '#coloncancerawareness', '#covid_19', '#coloncancer', '#survivor']",[],https://twitter.com/TinaCervasio/status/1241900697018400770,False,,0,New York,,,,,,"[{'user_id': '31161814', 'username': 'TinaCervasio'}, {'user_id': '9229672', 'username': 'fox5ny'}]",,,,
